transaction_id,customer_id,merchant_id,payment_method_id,transaction_ts,transaction_type,status,currency_code,amount,processing_fee,authorization_code,source_system,updated_at
1,117,6,6,2025-03-04 14:29:44,PAYMENT,APPROVED,USD,475.33,2.45,AUTH0000000001,PAYMENTS_APP,2025-03-04 14:29:44
2,145,14,1,2025-01-22 01:50:29,PAYMENT,APPROVED,USD,609.68,3.22,AUTH0000000002,PAYMENTS_APP,2025-01-22 01:50:29
3,153,1,3,2025-08-10 08:28:59,PAYMENT,APPROVED,USD,1936.15,53.85,AUTH0000000003,PAYMENTS_APP,2025-08-10 08:28:59
4,7,9,1,2025-05-14 19:40:07,PAYMENT,APPROVED,USD,1996.49,9.46,AUTH0000000004,PAYMENTS_APP,2025-05-14 19:40:07
5,108,34,1,2025-11-28 00:34:28,PAYMENT,APPROVED,USD,664.15,3.53,AUTH0000000005,PAYMENTS_APP,2025-11-28 00:34:28
6,158,3,6,2026-01-06 18:41:11,PAYMENT,DECLINED,USD,273.53,4.96,,PAYMENTS_APP,2026-01-06 18:41:11
7,123,26,4,2026-06-18 10:58:55,PAYMENT,APPROVED,USD,1608.71,3.31,AUTH0000000007,PAYMENTS_APP,2026-06-18 10:58:55
8,33,18,5,2026-03-31 02:40:32,PAYMENT,APPROVED,USD,805.96,4.87,AUTH0000000008,PAYMENTS_APP,2026-03-31 02:40:32
9,155,28,1,2025-11-29 13:52:05,PAYMENT,DECLINED,USD,1326.86,21.8,,PAYMENTS_APP,2025-11-29 13:52:05
10,56,28,4,2025-04-28 23:50:14,PAYMENT,PENDING,USD,2194.39,43.33,,PAYMENTS_APP,2025-04-28 23:50:14
11,81,28,3,2026-02-28 12:20:24,PAYMENT,APPROVED,USD,997.43,25.74,AUTH0000000011,PAYMENTS_APP,2026-02-28 12:20:24
12,111,7,6,2025-06-06 17:16:03,PAYMENT,APPROVED,USD,228.97,0.89,AUTH0000000012,PAYMENTS_APP,2025-06-06 17:16:03
13,172,8,4,2026-07-24 02:11:01,PAYMENT,DECLINED,USD,2391.6,48.06,,PAYMENTS_APP,2026-07-24 02:11:01
14,80,23,1,2025-12-29 15:23:55,PAYMENT,PENDING,USD,129.56,1.4,,PAYMENTS_APP,2025-12-29 15:23:55
15,90,36,3,2025-08-06 05:38:00,PAYMENT,PENDING,USD,1205.99,35.95,,PAYMENTS_APP,2025-08-06 05:38:00
16,197,40,5,2025-10-13 20:54:08,PAYMENT,APPROVED,USD,2018.25,60.01,AUTH0000000016,PAYMENTS_APP,2025-10-13 20:54:08
17,87,23,1,2025-10-01 01:03:14,PAYMENT,APPROVED,USD,683.9,18.41,AUTH0000000017,PAYMENTS_APP,2025-10-01 01:03:14
18,24,48,5,2026-02-15 02:32:00,PAYMENT,APPROVED,USD,1852.68,63.07,AUTH0000000018,PAYMENTS_APP,2026-02-15 02:32:00
19,146,39,1,2025-12-16 05:43:51,PAYMENT,APPROVED,USD,779.78,9.38,AUTH0000000019,PAYMENTS_APP,2025-12-16 05:43:51
20,156,29,4,2025-02-20 02:58:13,PAYMENT,APPROVED,USD,1108.34,17.09,AUTH0000000020,PAYMENTS_APP,2025-02-20 02:58:13
21,152,32,5,2025-04-27 12:34:02,PAYMENT,APPROVED,USD,278.11,6.69,AUTH0000000021,PAYMENTS_APP,2025-04-27 12:34:02
22,55,50,2,2026-02-09 21:49:14,PAYMENT,APPROVED,USD,20.21,0.23,AUTH0000000022,PAYMENTS_APP,2026-02-09 21:49:14
23,98,35,6,2025-05-03 00:16:53,PAYMENT,APPROVED,USD,1867.79,13.03,AUTH0000000023,PAYMENTS_APP,2025-05-03 00:16:53
24,5,30,1,2025-12-29 02:37:27,PAYMENT,APPROVED,USD,2154.55,5.25,AUTH0000000024,PAYMENTS_APP,2025-12-29 02:37:27
25,84,11,5,2026-02-19 23:18:24,PAYMENT,APPROVED,USD,724.5,10.7,AUTH0000000025,PAYMENTS_APP,2026-02-19 23:18:24
26,151,26,5,2026-01-06 03:12:31,PAYMENT,APPROVED,USD,2111.37,19.58,AUTH0000000026,PAYMENTS_APP,2026-01-06 03:12:31
27,163,8,5,2025-12-14 08:04:01,PAYMENT,APPROVED,USD,1948.02,7.01,AUTH0000000027,PAYMENTS_APP,2025-12-14 08:04:01
28,38,16,1,2025-12-24 12:46:59,PAYMENT,PENDING,USD,2395.6,54.97,,PAYMENTS_APP,2025-12-24 12:46:59
29,20,12,6,2025-07-22 06:19:00,PAYMENT,DECLINED,USD,383.02,10.27,,PAYMENTS_APP,2025-07-22 06:19:00
30,145,42,6,2026-05-21 16:53:31,PAYMENT,DECLINED,USD,1899.93,30.9,,PAYMENTS_APP,2026-05-21 16:53:31
31,114,41,3,2025-11-27 22:50:10,PAYMENT,APPROVED,USD,378.24,1.26,AUTH0000000031,PAYMENTS_APP,2025-11-27 22:50:10
32,15,24,3,2025-12-27 18:28:17,PAYMENT,APPROVED,USD,776.71,12.71,AUTH0000000032,PAYMENTS_APP,2025-12-27 18:28:17
33,142,48,1,2025-04-03 22:23:30,PAYMENT,DECLINED,USD,1268.16,21.22,,PAYMENTS_APP,2025-04-03 22:23:30
34,129,10,1,2026-04-06 20:48:48,PAYMENT,PENDING,USD,471.41,10.17,,PAYMENTS_APP,2026-04-06 20:48:48
35,182,29,4,2025-12-18 03:04:13,PAYMENT,DECLINED,USD,1615.67,3.77,,PAYMENTS_APP,2025-12-18 03:04:13
36,73,25,4,2026-06-21 19:01:57,PAYMENT,DECLINED,USD,397.71,5.44,,PAYMENTS_APP,2026-06-21 19:01:57
37,17,22,1,2025-12-13 21:46:06,PAYMENT,APPROVED,USD,1973.28,45.4,AUTH0000000037,PAYMENTS_APP,2025-12-13 21:46:06
38,150,43,2,2025-09-16 23:54:17,PAYMENT,DECLINED,USD,2183.33,26.93,,PAYMENTS_APP,2025-09-16 23:54:17
39,153,46,1,2025-12-25 11:17:42,PAYMENT,PENDING,USD,1746.5,25.02,,PAYMENTS_APP,2025-12-25 11:17:42
40,190,44,5,2026-01-21 23:25:43,PAYMENT,APPROVED,USD,2033.15,48.36,AUTH0000000040,PAYMENTS_APP,2026-01-21 23:25:43
41,55,22,4,2026-06-05 13:10:25,PAYMENT,APPROVED,USD,907.13,6.47,AUTH0000000041,PAYMENTS_APP,2026-06-05 13:10:25
42,198,35,6,2025-06-08 02:48:34,PAYMENT,APPROVED,USD,2111.23,9.37,AUTH0000000042,PAYMENTS_APP,2025-06-08 02:48:34
43,47,45,5,2025-12-11 22:30:06,PAYMENT,APPROVED,USD,1493.52,9.33,AUTH0000000043,PAYMENTS_APP,2025-12-11 22:30:06
44,114,40,3,2026-03-25 01:35:26,PAYMENT,APPROVED,USD,911.38,23.21,AUTH0000000044,PAYMENTS_APP,2026-03-25 01:35:26
45,121,13,3,2025-08-28 19:26:33,PAYMENT,APPROVED,USD,774.36,22.06,AUTH0000000045,PAYMENTS_APP,2025-08-28 19:26:33
46,108,11,2,2026-03-28 16:48:33,PAYMENT,APPROVED,USD,1945.53,35.21,AUTH0000000046,PAYMENTS_APP,2026-03-28 16:48:33
47,27,46,5,2025-09-14 01:53:59,PAYMENT,PENDING,USD,1202.0,16.37,,PAYMENTS_APP,2025-09-14 01:53:59
48,38,28,1,2025-10-19 03:03:13,PAYMENT,APPROVED,USD,682.71,21.7,AUTH0000000048,PAYMENTS_APP,2025-10-19 03:03:13
49,96,16,4,2026-04-07 12:43:40,PAYMENT,APPROVED,USD,1037.83,15.03,AUTH0000000049,PAYMENTS_APP,2026-04-07 12:43:40
50,38,9,1,2025-01-29 11:36:10,PAYMENT,APPROVED,USD,2098.1,48.46,AUTH0000000050,PAYMENTS_APP,2025-01-29 11:36:10
51,5,17,2,2025-05-23 17:04:47,PAYMENT,APPROVED,USD,1538.76,48.93,AUTH0000000051,PAYMENTS_APP,2025-05-23 17:04:47
52,32,4,2,2026-06-25 15:24:36,PAYMENT,APPROVED,USD,1940.66,17.62,AUTH0000000052,PAYMENTS_APP,2026-06-25 15:24:36
53,138,2,6,2026-04-14 02:17:12,PAYMENT,APPROVED,USD,2091.88,37.64,AUTH0000000053,PAYMENTS_APP,2026-04-14 02:17:12
54,147,27,2,2025-05-28 10:36:17,PAYMENT,APPROVED,USD,4.91,0.06,AUTH0000000054,PAYMENTS_APP,2025-05-28 10:36:17
55,130,36,1,2026-01-05 02:27:50,PAYMENT,DECLINED,USD,1360.66,37.74,,PAYMENTS_APP,2026-01-05 02:27:50
56,65,48,1,2026-02-04 17:07:01,PAYMENT,APPROVED,USD,1589.54,54.61,AUTH0000000056,PAYMENTS_APP,2026-02-04 17:07:01
57,194,22,2,2025-09-04 23:55:27,PAYMENT,PENDING,USD,260.06,5.41,,PAYMENTS_APP,2025-09-04 23:55:27
58,119,45,4,2026-07-14 12:19:34,PAYMENT,PENDING,USD,438.55,12.06,,PAYMENTS_APP,2026-07-14 12:19:34
59,76,13,1,2025-05-19 02:17:50,PAYMENT,PENDING,USD,1940.7,32.14,,PAYMENTS_APP,2025-05-19 02:17:50
60,140,31,3,2025-02-12 11:29:25,PAYMENT,APPROVED,USD,1288.94,44.64,AUTH0000000060,PAYMENTS_APP,2025-02-12 11:29:25
61,32,24,4,2025-10-20 12:59:49,PAYMENT,APPROVED,USD,2164.63,26.59,AUTH0000000061,PAYMENTS_APP,2025-10-20 12:59:49
62,133,18,1,2026-01-31 12:20:38,PAYMENT,APPROVED,USD,1241.01,22.23,AUTH0000000062,PAYMENTS_APP,2026-01-31 12:20:38
63,170,19,3,2025-07-04 19:51:36,PAYMENT,APPROVED,USD,803.71,2.99,AUTH0000000063,PAYMENTS_APP,2025-07-04 19:51:36
64,91,40,4,2025-06-20 16:09:43,PAYMENT,APPROVED,USD,1118.38,28.76,AUTH0000000064,PAYMENTS_APP,2025-06-20 16:09:43
65,192,44,2,2025-02-28 02:43:55,PAYMENT,PENDING,USD,1594.14,21.29,,PAYMENTS_APP,2025-02-28 02:43:55
66,18,16,6,2025-05-27 22:07:15,PAYMENT,PENDING,USD,1953.5,4.26,,PAYMENTS_APP,2025-05-27 22:07:15
67,95,24,4,2026-01-28 20:39:09,PAYMENT,APPROVED,USD,1513.13,36.45,AUTH0000000067,PAYMENTS_APP,2026-01-28 20:39:09
68,30,2,6,2026-06-27 13:21:36,PAYMENT,APPROVED,USD,786.65,8.24,AUTH0000000068,PAYMENTS_APP,2026-06-27 13:21:36
69,55,40,3,2026-07-30 04:17:15,PAYMENT,APPROVED,USD,1937.64,48.32,AUTH0000000069,PAYMENTS_APP,2026-07-30 04:17:15
70,183,29,1,2025-07-24 04:27:54,PAYMENT,APPROVED,USD,2132.21,34.9,AUTH0000000070,PAYMENTS_APP,2025-07-24 04:27:54
71,77,11,6,2025-11-24 12:38:57,PAYMENT,PENDING,USD,163.28,3.17,,PAYMENTS_APP,2025-11-24 12:38:57
72,36,16,4,2025-06-28 13:09:41,PAYMENT,DECLINED,USD,561.38,19.36,,PAYMENTS_APP,2025-06-28 13:09:41
73,142,9,5,2025-01-27 13:08:23,PAYMENT,DECLINED,USD,1431.12,24.17,,PAYMENTS_APP,2025-01-27 13:08:23
74,123,34,4,2025-03-30 02:23:37,PAYMENT,APPROVED,USD,996.0,25.27,AUTH0000000074,PAYMENTS_APP,2025-03-30 02:23:37
75,175,34,3,2025-03-17 04:33:46,PAYMENT,APPROVED,USD,1606.2,26.18,AUTH0000000075,PAYMENTS_APP,2025-03-17 04:33:46
76,111,33,1,2026-07-19 23:17:39,PAYMENT,DECLINED,USD,455.73,15.43,,PAYMENTS_APP,2026-07-19 23:17:39
77,182,15,3,2025-05-08 18:51:48,PAYMENT,APPROVED,USD,761.01,4.95,AUTH0000000077,PAYMENTS_APP,2025-05-08 18:51:48
78,71,9,6,2025-10-18 02:52:16,PAYMENT,APPROVED,USD,491.56,16.48,AUTH0000000078,PAYMENTS_APP,2025-10-18 02:52:16
79,44,43,5,2026-05-30 23:20:15,PAYMENT,APPROVED,USD,1479.93,30.7,AUTH0000000079,PAYMENTS_APP,2026-05-30 23:20:15
80,198,37,3,2026-08-01 01:29:59,PAYMENT,APPROVED,USD,203.98,6.78,AUTH0000000080,PAYMENTS_APP,2026-08-01 01:29:59
81,140,19,6,2026-03-03 22:30:16,PAYMENT,PENDING,USD,76.68,2.39,,PAYMENTS_APP,2026-03-03 22:30:16
82,177,4,2,2026-05-10 08:54:56,PAYMENT,PENDING,USD,1015.83,16.68,,PAYMENTS_APP,2026-05-10 08:54:56
83,184,21,6,2026-05-11 16:54:35,PAYMENT,APPROVED,USD,851.14,5.01,AUTH0000000083,PAYMENTS_APP,2026-05-11 16:54:35
84,62,30,1,2026-02-13 04:45:39,PAYMENT,APPROVED,USD,1287.94,5.94,AUTH0000000084,PAYMENTS_APP,2026-02-13 04:45:39
85,108,16,2,2025-04-10 01:50:32,PAYMENT,APPROVED,USD,2363.52,71.81,AUTH0000000085,PAYMENTS_APP,2025-04-10 01:50:32
86,128,20,4,2025-11-17 06:54:41,PAYMENT,APPROVED,USD,1246.17,23.05,AUTH0000000086,PAYMENTS_APP,2025-11-17 06:54:41
87,153,42,6,2025-08-09 21:14:20,PAYMENT,APPROVED,USD,122.6,1.3,AUTH0000000087,PAYMENTS_APP,2025-08-09 21:14:20
88,196,26,3,2025-04-21 15:41:22,PAYMENT,APPROVED,USD,2206.26,56.78,AUTH0000000088,PAYMENTS_APP,2025-04-21 15:41:22
89,130,29,5,2026-07-30 07:05:13,PAYMENT,APPROVED,USD,1383.5,4.84,AUTH0000000089,PAYMENTS_APP,2026-07-30 07:05:13
90,87,36,3,2025-05-02 04:41:04,PAYMENT,APPROVED,USD,985.37,27.62,AUTH0000000090,PAYMENTS_APP,2025-05-02 04:41:04
91,183,22,4,2026-06-06 14:36:50,PAYMENT,DECLINED,USD,101.6,0.24,,PAYMENTS_APP,2026-06-06 14:36:50
92,84,40,3,2026-06-16 16:38:18,PAYMENT,APPROVED,USD,1516.05,28.09,AUTH0000000092,PAYMENTS_APP,2026-06-16 16:38:18
93,126,46,5,2025-11-03 21:37:00,PAYMENT,APPROVED,USD,1268.78,23.26,AUTH0000000093,PAYMENTS_APP,2025-11-03 21:37:00
94,79,47,6,2026-01-13 12:03:36,PAYMENT,PENDING,USD,274.9,4.17,,PAYMENTS_APP,2026-01-13 12:03:36
95,148,15,6,2026-05-01 09:40:03,PAYMENT,PENDING,USD,1957.48,53.61,,PAYMENTS_APP,2026-05-01 09:40:03
96,98,10,6,2026-05-07 06:12:29,PAYMENT,DECLINED,USD,1572.93,34.72,,PAYMENTS_APP,2026-05-07 06:12:29
97,5,29,3,2025-09-06 01:08:58,PAYMENT,DECLINED,USD,2370.56,11.23,,PAYMENTS_APP,2025-09-06 01:08:58
98,199,40,4,2026-03-05 05:30:48,PAYMENT,APPROVED,USD,1726.56,25.82,AUTH0000000098,PAYMENTS_APP,2026-03-05 05:30:48
99,170,31,5,2025-03-05 05:01:38,PAYMENT,DECLINED,USD,519.15,6.26,,PAYMENTS_APP,2025-03-05 05:01:38
100,140,23,6,2026-01-21 11:25:24,PAYMENT,APPROVED,USD,1149.7,21.99,AUTH0000000100,PAYMENTS_APP,2026-01-21 11:25:24
101,143,20,2,2025-09-28 22:12:43,PAYMENT,APPROVED,USD,481.47,4.52,AUTH0000000101,PAYMENTS_APP,2025-09-28 22:12:43
102,90,36,6,2025-10-23 07:32:48,PAYMENT,PENDING,USD,1762.77,20.76,,PAYMENTS_APP,2025-10-23 07:32:48
103,102,23,2,2025-05-05 20:52:46,PAYMENT,PENDING,USD,1358.43,42.73,,PAYMENTS_APP,2025-05-05 20:52:46
104,192,31,2,2025-10-22 02:52:38,PAYMENT,APPROVED,USD,2310.1,53.83,AUTH0000000104,PAYMENTS_APP,2025-10-22 02:52:38
105,62,16,1,2026-07-30 09:53:21,PAYMENT,APPROVED,USD,273.96,7.18,AUTH0000000105,PAYMENTS_APP,2026-07-30 09:53:21
106,26,44,2,2025-08-27 01:54:40,PAYMENT,APPROVED,USD,1033.84,26.25,AUTH0000000106,PAYMENTS_APP,2025-08-27 01:54:40
107,83,19,6,2026-05-03 17:23:00,PAYMENT,PENDING,USD,499.44,16.87,,PAYMENTS_APP,2026-05-03 17:23:00
108,10,12,4,2025-04-02 23:44:58,PAYMENT,DECLINED,USD,581.32,15.18,,PAYMENTS_APP,2025-04-02 23:44:58
109,192,19,1,2025-06-30 01:19:23,PAYMENT,APPROVED,USD,1970.11,14.45,AUTH0000000109,PAYMENTS_APP,2025-06-30 01:19:23
110,127,9,5,2025-12-10 10:21:38,PAYMENT,APPROVED,USD,2472.76,48.15,AUTH0000000110,PAYMENTS_APP,2025-12-10 10:21:38
111,184,12,1,2025-04-26 12:02:23,PAYMENT,APPROVED,USD,1828.07,42.12,AUTH0000000111,PAYMENTS_APP,2025-04-26 12:02:23
112,110,33,3,2025-07-17 06:23:22,PAYMENT,DECLINED,USD,2140.51,67.42,,PAYMENTS_APP,2025-07-17 06:23:22
113,123,21,2,2025-03-30 14:35:38,PAYMENT,PENDING,USD,239.37,8.23,,PAYMENTS_APP,2025-03-30 14:35:38
114,3,17,6,2026-04-03 09:43:15,PAYMENT,APPROVED,USD,755.56,19.33,AUTH0000000114,PAYMENTS_APP,2026-04-03 09:43:15
115,181,50,3,2025-05-02 16:56:40,PAYMENT,APPROVED,USD,400.13,9.73,AUTH0000000115,PAYMENTS_APP,2025-05-02 16:56:40
116,123,10,4,2025-10-30 13:22:54,PAYMENT,DECLINED,USD,552.9,18.55,,PAYMENTS_APP,2025-10-30 13:22:54
117,138,43,2,2026-01-18 15:08:25,PAYMENT,PENDING,USD,1373.54,23.36,,PAYMENTS_APP,2026-01-18 15:08:25
118,145,8,1,2025-03-25 19:07:59,PAYMENT,APPROVED,USD,1320.9,17.57,AUTH0000000118,PAYMENTS_APP,2025-03-25 19:07:59
119,134,29,1,2025-07-27 20:51:05,PAYMENT,DECLINED,USD,375.48,4.56,,PAYMENTS_APP,2025-07-27 20:51:05
120,15,30,2,2025-07-30 21:13:54,PAYMENT,APPROVED,USD,228.26,4.19,AUTH0000000120,PAYMENTS_APP,2025-07-30 21:13:54
121,6,26,3,2025-03-01 20:20:42,PAYMENT,APPROVED,USD,1682.25,19.31,AUTH0000000121,PAYMENTS_APP,2025-03-01 20:20:42
122,16,5,4,2025-03-16 01:38:56,PAYMENT,APPROVED,USD,861.98,2.73,AUTH0000000122,PAYMENTS_APP,2025-03-16 01:38:56
123,97,25,1,2026-03-07 13:38:01,PAYMENT,APPROVED,USD,1121.89,36.1,AUTH0000000123,PAYMENTS_APP,2026-03-07 13:38:01
124,138,26,5,2026-07-07 04:50:31,PAYMENT,PENDING,USD,2150.86,10.83,,PAYMENTS_APP,2026-07-07 04:50:31
125,185,35,4,2025-08-17 00:07:35,PAYMENT,APPROVED,USD,2446.25,40.96,AUTH0000000125,PAYMENTS_APP,2025-08-17 00:07:35
126,186,49,1,2025-09-11 16:46:15,PAYMENT,APPROVED,USD,388.65,2.88,AUTH0000000126,PAYMENTS_APP,2025-09-11 16:46:15
127,115,39,6,2025-01-17 08:45:44,PAYMENT,APPROVED,USD,169.16,3.59,AUTH0000000127,PAYMENTS_APP,2025-01-17 08:45:44
128,199,4,2,2025-02-15 14:38:45,PAYMENT,APPROVED,USD,586.61,4.92,AUTH0000000128,PAYMENTS_APP,2025-02-15 14:38:45
129,61,20,2,2025-11-23 21:01:30,PAYMENT,DECLINED,USD,1931.57,55.68,,PAYMENTS_APP,2025-11-23 21:01:30
130,152,48,2,2026-06-18 08:02:52,PAYMENT,APPROVED,USD,751.95,2.31,AUTH0000000130,PAYMENTS_APP,2026-06-18 08:02:52
131,135,21,6,2026-05-23 01:42:25,PAYMENT,APPROVED,USD,2354.02,56.09,AUTH0000000131,PAYMENTS_APP,2026-05-23 01:42:25
132,77,46,2,2026-01-21 06:41:41,PAYMENT,DECLINED,USD,1184.32,35.38,,PAYMENTS_APP,2026-01-21 06:41:41
133,136,9,4,2026-04-20 02:05:52,PAYMENT,DECLINED,USD,1032.28,15.65,,PAYMENTS_APP,2026-04-20 02:05:52
134,116,24,1,2025-09-06 09:17:02,PAYMENT,APPROVED,USD,826.33,3.05,AUTH0000000134,PAYMENTS_APP,2025-09-06 09:17:02
135,19,13,5,2025-02-22 09:46:27,PAYMENT,APPROVED,USD,1684.51,36.22,AUTH0000000135,PAYMENTS_APP,2025-02-22 09:46:27
136,55,13,6,2026-05-06 07:36:19,PAYMENT,APPROVED,USD,758.67,24.21,AUTH0000000136,PAYMENTS_APP,2026-05-06 07:36:19
137,62,36,3,2026-05-06 08:49:57,PAYMENT,PENDING,USD,1511.4,12.02,,PAYMENTS_APP,2026-05-06 08:49:57
138,93,33,4,2026-01-25 16:58:32,PAYMENT,DECLINED,USD,1622.15,18.63,,PAYMENTS_APP,2026-01-25 16:58:32
139,53,24,3,2026-04-23 03:35:24,PAYMENT,PENDING,USD,1174.26,34.7,,PAYMENTS_APP,2026-04-23 03:35:24
140,150,38,6,2026-07-31 08:03:22,PAYMENT,PENDING,USD,365.66,3.61,,PAYMENTS_APP,2026-07-31 08:03:22
141,63,32,5,2025-06-06 07:08:35,PAYMENT,APPROVED,USD,575.82,11.73,AUTH0000000141,PAYMENTS_APP,2025-06-06 07:08:35
142,44,47,3,2025-09-21 17:47:24,PAYMENT,PENDING,USD,1604.59,28.37,,PAYMENTS_APP,2025-09-21 17:47:24
143,165,4,5,2026-07-14 17:46:44,PAYMENT,APPROVED,USD,2292.33,44.55,AUTH0000000143,PAYMENTS_APP,2026-07-14 17:46:44
144,182,10,1,2025-01-07 15:00:53,PAYMENT,APPROVED,USD,2106.52,18.68,AUTH0000000144,PAYMENTS_APP,2025-01-07 15:00:53
145,124,43,4,2025-03-03 22:29:40,PAYMENT,PENDING,USD,1667.22,36.61,,PAYMENTS_APP,2025-03-03 22:29:40
146,71,35,3,2026-06-29 20:05:05,PAYMENT,APPROVED,USD,30.62,0.58,AUTH0000000146,PAYMENTS_APP,2026-06-29 20:05:05
147,159,34,3,2025-07-03 03:53:46,PAYMENT,APPROVED,USD,1311.44,12.06,AUTH0000000147,PAYMENTS_APP,2025-07-03 03:53:46
148,63,45,2,2026-02-11 02:52:37,PAYMENT,APPROVED,USD,2398.29,39.83,AUTH0000000148,PAYMENTS_APP,2026-02-11 02:52:37
149,98,25,5,2025-03-24 23:48:06,PAYMENT,PENDING,USD,1899.21,7.94,,PAYMENTS_APP,2025-03-24 23:48:06
150,85,37,1,2025-01-10 06:14:23,PAYMENT,APPROVED,USD,1250.15,19.69,AUTH0000000150,PAYMENTS_APP,2025-01-10 06:14:23
151,12,5,6,2025-08-24 07:41:50,PAYMENT,PENDING,USD,2219.0,38.09,,PAYMENTS_APP,2025-08-24 07:41:50
152,81,2,2,2026-07-11 20:31:00,PAYMENT,PENDING,USD,83.22,2.71,,PAYMENTS_APP,2026-07-11 20:31:00
153,100,44,5,2026-02-12 02:48:04,PAYMENT,APPROVED,USD,406.96,3.73,AUTH0000000153,PAYMENTS_APP,2026-02-12 02:48:04
154,26,28,2,2025-05-24 02:51:19,PAYMENT,DECLINED,USD,1863.9,23.78,,PAYMENTS_APP,2025-05-24 02:51:19
155,102,50,3,2025-03-19 12:24:02,PAYMENT,DECLINED,USD,1922.75,64.35,,PAYMENTS_APP,2025-03-19 12:24:02
156,59,23,5,2025-01-31 23:05:15,PAYMENT,APPROVED,USD,1959.09,31.97,AUTH0000000156,PAYMENTS_APP,2025-01-31 23:05:15
157,19,6,3,2026-01-25 03:07:12,PAYMENT,DECLINED,USD,739.15,6.93,,PAYMENTS_APP,2026-01-25 03:07:12
158,100,21,3,2025-06-07 13:50:07,PAYMENT,PENDING,USD,1959.94,12.24,,PAYMENTS_APP,2025-06-07 13:50:07
159,34,6,2,2025-01-06 11:13:25,PAYMENT,APPROVED,USD,900.43,9.16,AUTH0000000159,PAYMENTS_APP,2025-01-06 11:13:25
160,24,39,5,2026-06-09 14:51:23,PAYMENT,APPROVED,USD,66.63,0.87,AUTH0000000160,PAYMENTS_APP,2026-06-09 14:51:23
161,144,16,5,2025-01-13 10:37:33,PAYMENT,APPROVED,USD,970.11,3.76,AUTH0000000161,PAYMENTS_APP,2025-01-13 10:37:33
162,17,11,4,2025-06-23 05:03:18,PAYMENT,APPROVED,USD,753.53,13.39,AUTH0000000162,PAYMENTS_APP,2025-06-23 05:03:18
163,127,39,5,2025-03-20 13:08:53,PAYMENT,APPROVED,USD,2360.61,60.22,AUTH0000000163,PAYMENTS_APP,2025-03-20 13:08:53
164,85,29,3,2025-11-08 00:14:47,PAYMENT,APPROVED,USD,831.21,18.36,AUTH0000000164,PAYMENTS_APP,2025-11-08 00:14:47
165,123,21,2,2025-05-20 10:56:18,PAYMENT,APPROVED,USD,1508.42,37.17,AUTH0000000165,PAYMENTS_APP,2025-05-20 10:56:18
166,84,25,3,2025-10-26 23:02:35,PAYMENT,APPROVED,USD,2419.44,66.75,AUTH0000000166,PAYMENTS_APP,2025-10-26 23:02:35
167,175,50,5,2025-04-27 20:31:45,PAYMENT,APPROVED,USD,1480.98,28.96,AUTH0000000167,PAYMENTS_APP,2025-04-27 20:31:45
168,78,16,3,2025-10-26 02:31:04,PAYMENT,APPROVED,USD,1682.77,9.65,AUTH0000000168,PAYMENTS_APP,2025-10-26 02:31:04
169,103,35,5,2026-01-22 02:41:34,PAYMENT,APPROVED,USD,2476.76,42.83,AUTH0000000169,PAYMENTS_APP,2026-01-22 02:41:34
170,138,39,6,2026-03-05 19:47:36,PAYMENT,APPROVED,USD,1977.01,26.14,AUTH0000000170,PAYMENTS_APP,2026-03-05 19:47:36
171,12,37,6,2025-09-12 23:56:33,PAYMENT,PENDING,USD,888.17,20.43,,PAYMENTS_APP,2025-09-12 23:56:33
172,57,33,6,2026-02-14 12:04:23,PAYMENT,APPROVED,USD,265.76,1.16,AUTH0000000172,PAYMENTS_APP,2026-02-14 12:04:23
173,151,45,5,2025-08-15 16:13:49,PAYMENT,APPROVED,USD,978.44,26.67,AUTH0000000173,PAYMENTS_APP,2025-08-15 16:13:49
174,30,47,2,2026-05-10 03:48:23,PAYMENT,APPROVED,USD,1040.52,35.06,AUTH0000000174,PAYMENTS_APP,2026-05-10 03:48:23
175,185,45,4,2025-07-31 18:58:23,PAYMENT,APPROVED,USD,871.4,3.76,AUTH0000000175,PAYMENTS_APP,2025-07-31 18:58:23
176,43,48,2,2025-04-28 00:49:20,PAYMENT,APPROVED,USD,1620.28,38.92,AUTH0000000176,PAYMENTS_APP,2025-04-28 00:49:20
177,104,41,2,2025-12-05 20:23:00,PAYMENT,APPROVED,USD,2396.2,21.29,AUTH0000000177,PAYMENTS_APP,2025-12-05 20:23:00
178,152,28,4,2026-02-10 01:03:46,PAYMENT,PENDING,USD,1535.65,11.84,,PAYMENTS_APP,2026-02-10 01:03:46
179,48,24,3,2025-10-13 02:16:40,PAYMENT,DECLINED,USD,255.28,7.82,,PAYMENTS_APP,2025-10-13 02:16:40
180,136,41,3,2025-07-21 16:39:32,PAYMENT,APPROVED,USD,656.62,19.92,AUTH0000000180,PAYMENTS_APP,2025-07-21 16:39:32
181,173,46,3,2025-04-27 12:40:03,PAYMENT,APPROVED,USD,2113.95,46.49,AUTH0000000181,PAYMENTS_APP,2025-04-27 12:40:03
182,96,45,2,2025-05-18 11:24:09,PAYMENT,APPROVED,USD,597.19,2.97,AUTH0000000182,PAYMENTS_APP,2025-05-18 11:24:09
183,138,45,6,2025-05-22 20:55:40,PAYMENT,APPROVED,USD,1058.17,18.57,AUTH0000000183,PAYMENTS_APP,2025-05-22 20:55:40
184,116,40,1,2025-06-20 17:49:38,PAYMENT,APPROVED,USD,351.6,4.11,AUTH0000000184,PAYMENTS_APP,2025-06-20 17:49:38
185,130,42,4,2026-05-12 04:58:15,PAYMENT,APPROVED,USD,2038.22,68.83,AUTH0000000185,PAYMENTS_APP,2026-05-12 04:58:15
186,195,15,3,2026-03-31 17:47:34,PAYMENT,APPROVED,USD,207.59,0.43,AUTH0000000186,PAYMENTS_APP,2026-03-31 17:47:34
187,131,8,5,2026-04-14 20:35:40,PAYMENT,PENDING,USD,1931.6,34.46,,PAYMENTS_APP,2026-04-14 20:35:40
188,185,29,5,2026-07-11 13:21:25,PAYMENT,DECLINED,USD,2056.7,4.97,,PAYMENTS_APP,2026-07-11 13:21:25
189,64,20,1,2025-08-12 15:28:45,PAYMENT,APPROVED,USD,1840.24,42.74,AUTH0000000189,PAYMENTS_APP,2025-08-12 15:28:45
190,189,38,6,2025-03-31 15:59:09,PAYMENT,APPROVED,USD,1939.3,17.56,AUTH0000000190,PAYMENTS_APP,2025-03-31 15:59:09
191,53,4,5,2026-03-15 06:02:35,PAYMENT,DECLINED,USD,348.95,2.8,,PAYMENTS_APP,2026-03-15 06:02:35
192,181,19,3,2025-12-26 19:22:47,PAYMENT,APPROVED,USD,1492.55,10.04,AUTH0000000192,PAYMENTS_APP,2025-12-26 19:22:47
193,16,18,6,2026-06-11 03:28:01,PAYMENT,APPROVED,USD,2406.97,66.71,AUTH0000000193,PAYMENTS_APP,2026-06-11 03:28:01
194,174,26,4,2025-09-13 05:19:28,PAYMENT,PENDING,USD,805.92,7.59,,PAYMENTS_APP,2025-09-13 05:19:28
195,197,6,4,2025-10-03 22:51:28,PAYMENT,APPROVED,USD,938.56,3.35,AUTH0000000195,PAYMENTS_APP,2025-10-03 22:51:28
196,199,47,1,2026-01-13 16:33:17,PAYMENT,APPROVED,USD,818.9,0.89,AUTH0000000196,PAYMENTS_APP,2026-01-13 16:33:17
197,55,32,3,2026-01-02 02:18:20,PAYMENT,DECLINED,USD,994.89,33.74,,PAYMENTS_APP,2026-01-02 02:18:20
198,125,22,6,2025-11-27 10:19:31,PAYMENT,APPROVED,USD,1368.73,7.45,AUTH0000000198,PAYMENTS_APP,2025-11-27 10:19:31
199,117,1,4,2026-04-16 00:35:34,PAYMENT,APPROVED,USD,2323.65,14.8,AUTH0000000199,PAYMENTS_APP,2026-04-16 00:35:34
200,71,6,6,2025-05-16 23:39:56,PAYMENT,APPROVED,USD,398.28,13.03,AUTH0000000200,PAYMENTS_APP,2025-05-16 23:39:56
201,194,15,4,2025-06-19 01:53:07,PAYMENT,APPROVED,USD,1564.39,40.18,AUTH0000000201,PAYMENTS_APP,2025-06-19 01:53:07
202,133,44,4,2025-01-02 07:46:13,PAYMENT,APPROVED,USD,195.77,4.15,AUTH0000000202,PAYMENTS_APP,2025-01-02 07:46:13
203,188,7,1,2026-03-09 04:48:44,PAYMENT,APPROVED,USD,178.0,2.5,AUTH0000000203,PAYMENTS_APP,2026-03-09 04:48:44
204,18,34,5,2025-05-21 13:56:04,PAYMENT,APPROVED,USD,1604.3,38.54,AUTH0000000204,PAYMENTS_APP,2025-05-21 13:56:04
205,176,29,2,2025-08-07 22:52:03,PAYMENT,PENDING,USD,379.28,5.69,,PAYMENTS_APP,2025-08-07 22:52:03
206,110,21,2,2025-04-13 05:05:51,PAYMENT,APPROVED,USD,1474.35,20.73,AUTH0000000206,PAYMENTS_APP,2025-04-13 05:05:51
207,200,45,1,2025-09-12 20:08:54,PAYMENT,DECLINED,USD,1500.42,32.5,,PAYMENTS_APP,2025-09-12 20:08:54
208,101,19,6,2025-11-05 07:28:48,PAYMENT,DECLINED,USD,1517.71,11.25,,PAYMENTS_APP,2025-11-05 07:28:48
209,164,39,1,2025-02-25 08:42:50,PAYMENT,APPROVED,USD,965.33,8.88,AUTH0000000209,PAYMENTS_APP,2025-02-25 08:42:50
210,108,24,5,2026-01-05 11:31:20,PAYMENT,APPROVED,USD,967.71,28.57,AUTH0000000210,PAYMENTS_APP,2026-01-05 11:31:20
211,11,4,4,2025-03-16 00:36:27,PAYMENT,DECLINED,USD,169.76,1.68,,PAYMENTS_APP,2025-03-16 00:36:27
212,109,45,4,2026-06-03 10:25:50,PAYMENT,PENDING,USD,1781.86,48.26,,PAYMENTS_APP,2026-06-03 10:25:50
213,21,33,2,2026-07-04 19:34:31,PAYMENT,DECLINED,USD,382.55,1.47,,PAYMENTS_APP,2026-07-04 19:34:31
214,167,44,6,2025-06-09 19:31:45,PAYMENT,APPROVED,USD,977.44,22.06,AUTH0000000214,PAYMENTS_APP,2025-06-09 19:31:45
215,117,40,5,2025-09-02 02:06:29,PAYMENT,APPROVED,USD,216.45,3.41,AUTH0000000215,PAYMENTS_APP,2025-09-02 02:06:29
216,42,32,3,2025-06-29 04:20:55,PAYMENT,APPROVED,USD,1770.04,43.99,AUTH0000000216,PAYMENTS_APP,2025-06-29 04:20:55
217,69,47,1,2025-09-23 06:04:44,PAYMENT,APPROVED,USD,318.2,8.77,AUTH0000000217,PAYMENTS_APP,2025-09-23 06:04:44
218,148,41,1,2026-03-16 09:54:09,PAYMENT,DECLINED,USD,160.62,4.05,,PAYMENTS_APP,2026-03-16 09:54:09
219,146,11,3,2026-05-24 16:34:23,PAYMENT,DECLINED,USD,900.95,16.21,,PAYMENTS_APP,2026-05-24 16:34:23
220,30,15,6,2025-06-11 09:17:18,PAYMENT,APPROVED,USD,2235.78,53.48,AUTH0000000220,PAYMENTS_APP,2025-06-11 09:17:18
221,39,12,1,2025-01-13 08:54:13,PAYMENT,APPROVED,USD,1179.94,16.54,AUTH0000000221,PAYMENTS_APP,2025-01-13 08:54:13
222,82,18,1,2026-03-06 08:10:27,PAYMENT,APPROVED,USD,621.41,19.97,AUTH0000000222,PAYMENTS_APP,2026-03-06 08:10:27
223,103,5,4,2025-02-23 06:31:47,PAYMENT,APPROVED,USD,2011.04,69.12,AUTH0000000223,PAYMENTS_APP,2025-02-23 06:31:47
224,52,19,5,2025-11-15 11:54:59,PAYMENT,APPROVED,USD,1383.18,1.76,AUTH0000000224,PAYMENTS_APP,2025-11-15 11:54:59
225,198,50,2,2025-09-06 16:53:27,PAYMENT,APPROVED,USD,1479.64,26.3,AUTH0000000225,PAYMENTS_APP,2025-09-06 16:53:27
226,139,23,6,2025-09-09 05:28:55,PAYMENT,APPROVED,USD,2331.06,4.23,AUTH0000000226,PAYMENTS_APP,2025-09-09 05:28:55
227,79,7,2,2025-12-10 00:03:11,PAYMENT,PENDING,USD,941.31,24.56,,PAYMENTS_APP,2025-12-10 00:03:11
228,37,46,3,2025-09-01 15:17:06,PAYMENT,APPROVED,USD,2403.0,81.86,AUTH0000000228,PAYMENTS_APP,2025-09-01 15:17:06
229,192,6,5,2026-06-17 15:02:20,PAYMENT,PENDING,USD,2239.05,37.14,,PAYMENTS_APP,2026-06-17 15:02:20
230,112,43,2,2025-05-17 23:12:01,PAYMENT,APPROVED,USD,188.0,3.82,AUTH0000000230,PAYMENTS_APP,2025-05-17 23:12:01
231,116,18,2,2025-11-19 14:18:25,PAYMENT,PENDING,USD,2079.92,25.15,,PAYMENTS_APP,2025-11-19 14:18:25
232,116,30,3,2025-07-27 04:57:20,PAYMENT,DECLINED,USD,273.32,1.26,,PAYMENTS_APP,2025-07-27 04:57:20
233,116,20,4,2026-02-21 04:23:45,PAYMENT,DECLINED,USD,896.36,24.37,,PAYMENTS_APP,2026-02-21 04:23:45
234,181,45,5,2025-09-29 04:21:57,PAYMENT,APPROVED,USD,394.88,9.61,AUTH0000000234,PAYMENTS_APP,2025-09-29 04:21:57
235,102,33,1,2025-12-02 05:24:01,PAYMENT,APPROVED,USD,1778.18,60.33,AUTH0000000235,PAYMENTS_APP,2025-12-02 05:24:01
236,141,16,1,2025-06-28 01:07:53,PAYMENT,APPROVED,USD,2136.65,42.52,AUTH0000000236,PAYMENTS_APP,2025-06-28 01:07:53
237,57,9,2,2025-05-24 04:25:19,PAYMENT,APPROVED,USD,155.11,4.27,AUTH0000000237,PAYMENTS_APP,2025-05-24 04:25:19
238,6,5,2,2025-03-28 21:12:06,PAYMENT,DECLINED,USD,647.79,18.55,,PAYMENTS_APP,2025-03-28 21:12:06
239,85,8,1,2026-03-31 04:41:20,PAYMENT,APPROVED,USD,2262.79,66.07,AUTH0000000239,PAYMENTS_APP,2026-03-31 04:41:20
240,45,23,2,2026-03-20 14:22:53,PAYMENT,APPROVED,USD,74.68,1.81,AUTH0000000240,PAYMENTS_APP,2026-03-20 14:22:53
241,166,19,4,2026-04-02 05:24:41,PAYMENT,APPROVED,USD,1535.65,33.75,AUTH0000000241,PAYMENTS_APP,2026-04-02 05:24:41
242,165,34,2,2025-03-04 03:11:37,PAYMENT,APPROVED,USD,958.16,14.62,AUTH0000000242,PAYMENTS_APP,2025-03-04 03:11:37
243,125,23,5,2025-01-20 13:55:34,PAYMENT,PENDING,USD,898.42,17.53,,PAYMENTS_APP,2025-01-20 13:55:34
244,8,50,3,2026-02-02 09:50:46,PAYMENT,APPROVED,USD,66.13,1.41,AUTH0000000244,PAYMENTS_APP,2026-02-02 09:50:46
245,26,16,6,2026-06-27 13:00:49,PAYMENT,DECLINED,USD,2499.01,85.25,,PAYMENTS_APP,2026-06-27 13:00:49
246,15,49,2,2025-09-04 09:42:14,PAYMENT,DECLINED,USD,2040.9,65.69,,PAYMENTS_APP,2025-09-04 09:42:14
247,189,45,3,2026-02-02 12:55:04,PAYMENT,APPROVED,USD,441.07,9.33,AUTH0000000247,PAYMENTS_APP,2026-02-02 12:55:04
248,127,35,3,2025-12-27 20:40:03,PAYMENT,DECLINED,USD,356.11,11.84,,PAYMENTS_APP,2025-12-27 20:40:03
249,57,2,5,2025-06-29 17:51:22,PAYMENT,APPROVED,USD,226.55,2.02,AUTH0000000249,PAYMENTS_APP,2025-06-29 17:51:22
250,83,4,1,2025-07-26 04:45:03,PAYMENT,APPROVED,USD,1792.63,57.79,AUTH0000000250,PAYMENTS_APP,2025-07-26 04:45:03
251,96,46,6,2025-05-26 04:02:18,PAYMENT,DECLINED,USD,2151.81,72.43,,PAYMENTS_APP,2025-05-26 04:02:18
252,41,47,4,2026-02-10 21:20:10,PAYMENT,APPROVED,USD,842.07,10.08,AUTH0000000252,PAYMENTS_APP,2026-02-10 21:20:10
253,158,23,2,2025-11-21 06:20:33,PAYMENT,PENDING,USD,2421.89,59.53,,PAYMENTS_APP,2025-11-21 06:20:33
254,46,47,1,2025-06-29 13:46:35,PAYMENT,APPROVED,USD,1835.25,20.21,AUTH0000000254,PAYMENTS_APP,2025-06-29 13:46:35
255,157,15,6,2026-02-05 20:39:41,PAYMENT,APPROVED,USD,456.02,5.39,AUTH0000000255,PAYMENTS_APP,2026-02-05 20:39:41
256,82,11,6,2025-05-25 12:03:26,PAYMENT,PENDING,USD,195.44,2.5,,PAYMENTS_APP,2025-05-25 12:03:26
257,68,14,2,2025-04-01 23:16:08,PAYMENT,PENDING,USD,2216.75,35.88,,PAYMENTS_APP,2025-04-01 23:16:08
258,113,47,4,2025-12-25 09:20:40,PAYMENT,APPROVED,USD,1801.31,4.75,AUTH0000000258,PAYMENTS_APP,2025-12-25 09:20:40
259,123,37,6,2026-05-20 13:47:18,PAYMENT,APPROVED,USD,1365.51,6.07,AUTH0000000259,PAYMENTS_APP,2026-05-20 13:47:18
260,27,5,3,2026-04-08 02:41:01,PAYMENT,APPROVED,USD,737.98,8.74,AUTH0000000260,PAYMENTS_APP,2026-04-08 02:41:01
261,124,46,1,2025-03-18 19:55:02,PAYMENT,APPROVED,USD,845.54,29.17,AUTH0000000261,PAYMENTS_APP,2025-03-18 19:55:02
262,49,27,6,2026-03-21 05:43:11,PAYMENT,APPROVED,USD,254.04,2.03,AUTH0000000262,PAYMENTS_APP,2026-03-21 05:43:11
263,13,26,5,2026-07-08 09:39:28,PAYMENT,PENDING,USD,704.53,6.39,,PAYMENTS_APP,2026-07-08 09:39:28
264,76,43,6,2026-05-18 05:35:31,PAYMENT,APPROVED,USD,902.71,14.03,AUTH0000000264,PAYMENTS_APP,2026-05-18 05:35:31
265,122,8,3,2025-01-27 07:32:05,PAYMENT,APPROVED,USD,1595.84,54.61,AUTH0000000265,PAYMENTS_APP,2025-01-27 07:32:05
266,98,24,2,2025-09-29 03:19:05,PAYMENT,PENDING,USD,1360.77,9.91,,PAYMENTS_APP,2025-09-29 03:19:05
267,145,4,2,2025-09-27 16:00:37,PAYMENT,APPROVED,USD,659.24,19.42,AUTH0000000267,PAYMENTS_APP,2025-09-27 16:00:37
268,59,36,1,2025-03-29 12:31:01,PAYMENT,DECLINED,USD,1035.55,27.67,,PAYMENTS_APP,2025-03-29 12:31:01
269,122,37,2,2026-02-01 19:01:35,PAYMENT,APPROVED,USD,2414.1,58.81,AUTH0000000269,PAYMENTS_APP,2026-02-01 19:01:35
270,174,40,2,2025-02-05 18:16:51,PAYMENT,DECLINED,USD,2251.24,63.52,,PAYMENTS_APP,2025-02-05 18:16:51
271,55,13,2,2025-05-04 16:20:56,PAYMENT,APPROVED,USD,2372.7,15.86,AUTH0000000271,PAYMENTS_APP,2025-05-04 16:20:56
272,82,47,1,2026-03-22 07:21:05,PAYMENT,PENDING,USD,370.55,7.87,,PAYMENTS_APP,2026-03-22 07:21:05
273,118,1,6,2026-07-24 14:28:02,PAYMENT,DECLINED,USD,815.99,8.48,,PAYMENTS_APP,2026-07-24 14:28:02
274,151,38,1,2026-06-20 15:16:37,PAYMENT,APPROVED,USD,1036.69,6.26,AUTH0000000274,PAYMENTS_APP,2026-06-20 15:16:37
275,68,25,6,2025-04-14 10:24:58,PAYMENT,DECLINED,USD,2200.46,67.88,,PAYMENTS_APP,2025-04-14 10:24:58
276,104,10,5,2026-05-13 20:49:36,PAYMENT,DECLINED,USD,1183.14,8.11,,PAYMENTS_APP,2026-05-13 20:49:36
277,61,4,6,2026-02-16 01:24:43,PAYMENT,APPROVED,USD,2224.05,27.29,AUTH0000000277,PAYMENTS_APP,2026-02-16 01:24:43
278,72,32,6,2026-01-17 00:44:11,PAYMENT,APPROVED,USD,2043.65,23.1,AUTH0000000278,PAYMENTS_APP,2026-01-17 00:44:11
279,83,18,6,2025-08-22 04:53:34,PAYMENT,APPROVED,USD,2435.57,39.13,AUTH0000000279,PAYMENTS_APP,2025-08-22 04:53:34
280,125,49,5,2025-07-12 16:04:56,PAYMENT,APPROVED,USD,2283.67,33.9,AUTH0000000280,PAYMENTS_APP,2025-07-12 16:04:56
281,35,50,5,2026-06-12 05:47:16,PAYMENT,APPROVED,USD,778.5,14.19,AUTH0000000281,PAYMENTS_APP,2026-06-12 05:47:16
282,93,46,2,2025-07-17 07:18:29,PAYMENT,APPROVED,USD,624.48,10.32,AUTH0000000282,PAYMENTS_APP,2025-07-17 07:18:29
283,62,24,4,2026-06-02 14:27:08,PAYMENT,PENDING,USD,2307.76,55.76,,PAYMENTS_APP,2026-06-02 14:27:08
284,67,48,6,2025-07-01 17:16:44,PAYMENT,DECLINED,USD,1378.78,17.52,,PAYMENTS_APP,2025-07-01 17:16:44
285,147,50,2,2025-04-03 10:22:44,PAYMENT,APPROVED,USD,967.03,6.32,AUTH0000000285,PAYMENTS_APP,2025-04-03 10:22:44
286,200,50,6,2025-07-31 09:47:49,PAYMENT,PENDING,USD,1024.36,1.72,,PAYMENTS_APP,2025-07-31 09:47:49
287,79,46,6,2025-06-27 21:53:12,PAYMENT,APPROVED,USD,560.2,12.15,AUTH0000000287,PAYMENTS_APP,2025-06-27 21:53:12
288,174,34,5,2026-01-21 12:41:46,PAYMENT,APPROVED,USD,630.74,10.64,AUTH0000000288,PAYMENTS_APP,2026-01-21 12:41:46
289,77,44,1,2026-06-08 13:37:31,PAYMENT,DECLINED,USD,1618.71,35.14,,PAYMENTS_APP,2026-06-08 13:37:31
290,71,17,6,2026-05-09 02:19:27,PAYMENT,APPROVED,USD,2470.91,56.29,AUTH0000000290,PAYMENTS_APP,2026-05-09 02:19:27
291,15,39,4,2025-11-02 06:51:28,PAYMENT,APPROVED,USD,1293.72,11.86,AUTH0000000291,PAYMENTS_APP,2025-11-02 06:51:28
292,108,26,4,2025-01-27 23:51:44,PAYMENT,APPROVED,USD,2493.68,24.49,AUTH0000000292,PAYMENTS_APP,2025-01-27 23:51:44
293,164,31,6,2025-07-14 12:29:39,PAYMENT,PENDING,USD,1783.71,43.41,,PAYMENTS_APP,2025-07-14 12:29:39
294,25,31,2,2025-11-04 06:11:20,PAYMENT,PENDING,USD,2191.36,15.69,,PAYMENTS_APP,2025-11-04 06:11:20
295,57,23,2,2026-07-27 06:39:55,PAYMENT,PENDING,USD,2249.08,52.29,,PAYMENTS_APP,2026-07-27 06:39:55
296,119,8,4,2025-11-11 15:18:32,PAYMENT,APPROVED,USD,929.83,19.44,AUTH0000000296,PAYMENTS_APP,2025-11-11 15:18:32
297,98,34,3,2025-03-14 17:11:34,PAYMENT,APPROVED,USD,1251.69,38.17,AUTH0000000297,PAYMENTS_APP,2025-03-14 17:11:34
298,118,10,3,2025-06-04 05:00:04,PAYMENT,APPROVED,USD,857.33,29.63,AUTH0000000298,PAYMENTS_APP,2025-06-04 05:00:04
299,163,4,1,2025-03-24 17:45:08,PAYMENT,APPROVED,USD,1577.95,11.06,AUTH0000000299,PAYMENTS_APP,2025-03-24 17:45:08
300,23,9,5,2025-06-22 20:58:54,PAYMENT,APPROVED,USD,1224.45,33.01,AUTH0000000300,PAYMENTS_APP,2025-06-22 20:58:54
301,188,24,1,2026-03-16 17:22:53,PAYMENT,APPROVED,USD,12.67,0.24,AUTH0000000301,PAYMENTS_APP,2026-03-16 17:22:53
302,64,15,6,2026-06-28 06:56:19,PAYMENT,APPROVED,USD,1692.19,37.75,AUTH0000000302,PAYMENTS_APP,2026-06-28 06:56:19
303,12,20,3,2025-04-16 13:57:52,PAYMENT,DECLINED,USD,1472.09,9.83,,PAYMENTS_APP,2025-04-16 13:57:52
304,176,9,3,2026-04-12 18:56:35,PAYMENT,DECLINED,USD,1310.77,20.64,,PAYMENTS_APP,2026-04-12 18:56:35
305,104,2,2,2026-05-17 13:04:47,PAYMENT,APPROVED,USD,413.04,13.15,AUTH0000000305,PAYMENTS_APP,2026-05-17 13:04:47
306,183,42,1,2025-08-05 00:47:52,PAYMENT,DECLINED,USD,1262.08,6.55,,PAYMENTS_APP,2025-08-05 00:47:52
307,153,4,6,2026-01-20 23:18:48,PAYMENT,APPROVED,USD,1928.35,42.78,AUTH0000000307,PAYMENTS_APP,2026-01-20 23:18:48
308,65,31,6,2025-02-19 04:12:56,PAYMENT,APPROVED,USD,1111.34,5.78,AUTH0000000308,PAYMENTS_APP,2025-02-19 04:12:56
309,70,40,5,2025-01-10 10:57:47,PAYMENT,APPROVED,USD,1654.5,38.92,AUTH0000000309,PAYMENTS_APP,2025-01-10 10:57:47
310,28,32,2,2025-04-18 18:37:34,PAYMENT,PENDING,USD,1544.63,16.39,,PAYMENTS_APP,2025-04-18 18:37:34
311,42,3,5,2025-09-27 19:02:49,PAYMENT,APPROVED,USD,895.45,13.37,AUTH0000000311,PAYMENTS_APP,2025-09-27 19:02:49
312,29,37,6,2026-05-08 12:02:12,PAYMENT,APPROVED,USD,7.84,0.19,AUTH0000000312,PAYMENTS_APP,2026-05-08 12:02:12
313,165,15,4,2026-06-08 02:43:56,PAYMENT,PENDING,USD,1809.22,57.47,,PAYMENTS_APP,2026-06-08 02:43:56
314,11,19,3,2025-10-31 09:36:59,PAYMENT,APPROVED,USD,126.15,3.61,AUTH0000000314,PAYMENTS_APP,2025-10-31 09:36:59
315,166,11,3,2025-04-29 03:27:31,PAYMENT,APPROVED,USD,25.17,0.14,AUTH0000000315,PAYMENTS_APP,2025-04-29 03:27:31
316,103,26,4,2025-10-02 03:23:03,PAYMENT,APPROVED,USD,2037.6,14.71,AUTH0000000316,PAYMENTS_APP,2025-10-02 03:23:03
317,34,45,6,2026-05-05 15:21:18,PAYMENT,PENDING,USD,2215.42,14.78,,PAYMENTS_APP,2026-05-05 15:21:18
318,146,44,4,2025-06-13 03:46:33,PAYMENT,APPROVED,USD,2278.16,39.66,AUTH0000000318,PAYMENTS_APP,2025-06-13 03:46:33
319,187,9,4,2026-01-03 22:15:31,PAYMENT,APPROVED,USD,2156.58,66.68,AUTH0000000319,PAYMENTS_APP,2026-01-03 22:15:31
320,4,46,6,2026-02-26 16:02:41,PAYMENT,APPROVED,USD,159.28,3.71,AUTH0000000320,PAYMENTS_APP,2026-02-26 16:02:41
321,25,28,6,2025-08-18 12:19:01,PAYMENT,DECLINED,USD,1308.23,32.47,,PAYMENTS_APP,2025-08-18 12:19:01
322,39,36,5,2025-09-12 17:32:47,PAYMENT,APPROVED,USD,1659.61,37.85,AUTH0000000322,PAYMENTS_APP,2025-09-12 17:32:47
323,20,49,4,2025-06-10 18:24:25,PAYMENT,APPROVED,USD,2129.83,65.09,AUTH0000000323,PAYMENTS_APP,2025-06-10 18:24:25
324,104,16,1,2025-10-12 01:49:59,PAYMENT,DECLINED,USD,557.54,12.75,,PAYMENTS_APP,2025-10-12 01:49:59
325,115,21,1,2026-04-16 16:10:20,PAYMENT,DECLINED,USD,1120.8,33.76,,PAYMENTS_APP,2026-04-16 16:10:20
326,143,36,1,2026-05-25 23:47:18,PAYMENT,APPROVED,USD,257.51,3.87,AUTH0000000326,PAYMENTS_APP,2026-05-25 23:47:18
327,88,24,1,2025-11-08 18:30:28,PAYMENT,DECLINED,USD,517.92,12.34,,PAYMENTS_APP,2025-11-08 18:30:28
328,122,46,6,2025-08-17 16:32:46,PAYMENT,APPROVED,USD,1400.82,30.92,AUTH0000000328,PAYMENTS_APP,2025-08-17 16:32:46
329,163,19,5,2025-04-10 23:59:24,PAYMENT,APPROVED,USD,6.49,0.08,AUTH0000000329,PAYMENTS_APP,2025-04-10 23:59:24
330,185,27,1,2025-02-16 05:58:36,PAYMENT,APPROVED,USD,351.98,8.93,AUTH0000000330,PAYMENTS_APP,2025-02-16 05:58:36
331,184,22,1,2025-05-04 14:18:17,PAYMENT,APPROVED,USD,1143.16,31.51,AUTH0000000331,PAYMENTS_APP,2025-05-04 14:18:17
332,35,32,1,2025-05-07 16:24:08,PAYMENT,APPROVED,USD,1646.48,55.17,AUTH0000000332,PAYMENTS_APP,2025-05-07 16:24:08
333,46,45,5,2026-03-20 21:18:12,PAYMENT,APPROVED,USD,2311.0,63.68,AUTH0000000333,PAYMENTS_APP,2026-03-20 21:18:12
334,130,25,4,2025-04-17 14:06:18,PAYMENT,PENDING,USD,1501.76,46.57,,PAYMENTS_APP,2025-04-17 14:06:18
335,116,9,2,2025-09-12 09:57:40,PAYMENT,APPROVED,USD,2409.02,81.9,AUTH0000000335,PAYMENTS_APP,2025-09-12 09:57:40
336,189,36,6,2026-06-09 10:52:59,PAYMENT,PENDING,USD,1369.97,15.99,,PAYMENTS_APP,2026-06-09 10:52:59
337,173,9,6,2025-08-03 22:43:30,PAYMENT,PENDING,USD,727.16,9.26,,PAYMENTS_APP,2025-08-03 22:43:30
338,30,49,3,2025-07-02 18:20:46,PAYMENT,DECLINED,USD,1736.09,20.77,,PAYMENTS_APP,2025-07-02 18:20:46
339,107,44,6,2026-07-30 17:29:23,PAYMENT,DECLINED,USD,1427.02,33.8,,PAYMENTS_APP,2026-07-30 17:29:23
340,7,25,2,2026-07-01 10:24:37,PAYMENT,APPROVED,USD,2020.95,37.94,AUTH0000000340,PAYMENTS_APP,2026-07-01 10:24:37
341,16,45,3,2025-10-01 05:51:34,PAYMENT,APPROVED,USD,1708.79,10.22,AUTH0000000341,PAYMENTS_APP,2025-10-01 05:51:34
342,144,15,6,2026-01-03 16:28:42,PAYMENT,APPROVED,USD,1540.66,36.93,AUTH0000000342,PAYMENTS_APP,2026-01-03 16:28:42
343,100,27,6,2026-06-08 10:28:21,PAYMENT,PENDING,USD,1661.57,54.0,,PAYMENTS_APP,2026-06-08 10:28:21
344,200,29,2,2026-07-20 01:57:31,PAYMENT,APPROVED,USD,1859.43,14.7,AUTH0000000344,PAYMENTS_APP,2026-07-20 01:57:31
345,186,13,3,2026-01-12 21:25:20,PAYMENT,DECLINED,USD,1846.39,14.18,,PAYMENTS_APP,2026-01-12 21:25:20
346,189,33,1,2026-04-05 06:27:35,PAYMENT,PENDING,USD,187.1,6.31,,PAYMENTS_APP,2026-04-05 06:27:35
347,66,1,3,2026-03-15 10:09:43,PAYMENT,DECLINED,USD,661.33,4.28,,PAYMENTS_APP,2026-03-15 10:09:43
348,14,50,6,2026-04-23 05:38:10,PAYMENT,APPROVED,USD,385.1,4.61,AUTH0000000348,PAYMENTS_APP,2026-04-23 05:38:10
349,82,34,2,2026-05-18 20:51:01,PAYMENT,DECLINED,USD,895.86,24.78,,PAYMENTS_APP,2026-05-18 20:51:01
350,140,35,4,2025-07-08 18:57:16,PAYMENT,APPROVED,USD,1965.86,12.62,AUTH0000000350,PAYMENTS_APP,2025-07-08 18:57:16
351,193,40,5,2025-08-07 12:05:00,PAYMENT,APPROVED,USD,902.63,7.61,AUTH0000000351,PAYMENTS_APP,2025-08-07 12:05:00
352,165,40,5,2025-01-10 04:10:36,PAYMENT,PENDING,USD,865.67,7.94,,PAYMENTS_APP,2025-01-10 04:10:36
353,99,17,5,2025-02-10 11:41:05,PAYMENT,APPROVED,USD,2289.92,75.86,AUTH0000000353,PAYMENTS_APP,2025-02-10 11:41:05
354,12,19,6,2026-06-14 13:39:06,PAYMENT,DECLINED,USD,2007.24,32.41,,PAYMENTS_APP,2026-06-14 13:39:06
355,198,35,5,2025-07-17 11:39:44,PAYMENT,DECLINED,USD,206.78,0.88,,PAYMENTS_APP,2025-07-17 11:39:44
356,55,44,4,2025-01-08 22:49:33,PAYMENT,APPROVED,USD,527.74,11.82,AUTH0000000356,PAYMENTS_APP,2025-01-08 22:49:33
357,118,46,3,2026-03-22 23:32:26,PAYMENT,APPROVED,USD,1867.48,11.63,AUTH0000000357,PAYMENTS_APP,2026-03-22 23:32:26
358,67,27,4,2025-07-02 09:10:18,PAYMENT,DECLINED,USD,177.03,5.12,,PAYMENTS_APP,2025-07-02 09:10:18
359,173,8,5,2026-04-07 22:56:43,PAYMENT,APPROVED,USD,1083.13,1.71,AUTH0000000359,PAYMENTS_APP,2026-04-07 22:56:43
360,176,20,5,2025-02-16 02:38:34,PAYMENT,APPROVED,USD,2320.19,10.69,AUTH0000000360,PAYMENTS_APP,2025-02-16 02:38:34
361,41,35,2,2026-03-25 13:53:12,PAYMENT,APPROVED,USD,2055.48,4.21,AUTH0000000361,PAYMENTS_APP,2026-03-25 13:53:12
362,187,42,3,2026-07-13 10:44:23,PAYMENT,PENDING,USD,361.04,8.68,,PAYMENTS_APP,2026-07-13 10:44:23
363,147,39,4,2025-01-12 20:09:11,PAYMENT,DECLINED,USD,354.29,0.86,,PAYMENTS_APP,2025-01-12 20:09:11
364,186,23,2,2026-07-05 19:56:05,PAYMENT,APPROVED,USD,762.42,20.16,AUTH0000000364,PAYMENTS_APP,2026-07-05 19:56:05
365,65,13,1,2026-06-09 05:11:11,PAYMENT,APPROVED,USD,460.8,10.13,AUTH0000000365,PAYMENTS_APP,2026-06-09 05:11:11
366,172,5,3,2025-02-25 19:58:59,PAYMENT,APPROVED,USD,1612.04,5.62,AUTH0000000366,PAYMENTS_APP,2025-02-25 19:58:59
367,26,19,5,2026-05-14 12:02:45,PAYMENT,APPROVED,USD,321.41,7.48,AUTH0000000367,PAYMENTS_APP,2026-05-14 12:02:45
368,150,10,5,2026-05-13 16:24:27,PAYMENT,APPROVED,USD,1541.24,17.56,AUTH0000000368,PAYMENTS_APP,2026-05-13 16:24:27
369,183,48,6,2026-03-15 06:08:23,PAYMENT,APPROVED,USD,783.72,21.72,AUTH0000000369,PAYMENTS_APP,2026-03-15 06:08:23
370,79,32,5,2025-05-18 12:04:18,PAYMENT,APPROVED,USD,1157.66,15.28,AUTH0000000370,PAYMENTS_APP,2025-05-18 12:04:18
371,188,41,1,2025-03-25 10:13:00,PAYMENT,APPROVED,USD,2228.35,17.11,AUTH0000000371,PAYMENTS_APP,2025-03-25 10:13:00
372,197,38,2,2026-06-04 22:59:48,PAYMENT,APPROVED,USD,2031.79,42.02,AUTH0000000372,PAYMENTS_APP,2026-06-04 22:59:48
373,101,15,5,2026-07-11 19:38:56,PAYMENT,APPROVED,USD,1635.12,9.9,AUTH0000000373,PAYMENTS_APP,2026-07-11 19:38:56
374,3,43,2,2026-04-21 18:14:43,PAYMENT,DECLINED,USD,227.29,3.04,,PAYMENTS_APP,2026-04-21 18:14:43
375,145,43,2,2025-06-19 18:43:08,PAYMENT,APPROVED,USD,1116.1,7.91,AUTH0000000375,PAYMENTS_APP,2025-06-19 18:43:08
376,68,24,2,2026-01-03 01:28:17,PAYMENT,APPROVED,USD,1903.92,16.91,AUTH0000000376,PAYMENTS_APP,2026-01-03 01:28:17
377,11,42,3,2026-01-05 14:07:48,PAYMENT,APPROVED,USD,2294.84,71.08,AUTH0000000377,PAYMENTS_APP,2026-01-05 14:07:48
378,168,25,3,2025-10-08 09:35:13,PAYMENT,DECLINED,USD,1361.33,9.41,,PAYMENTS_APP,2025-10-08 09:35:13
379,133,26,3,2025-03-21 18:48:40,PAYMENT,APPROVED,USD,941.45,29.98,AUTH0000000379,PAYMENTS_APP,2025-03-21 18:48:40
380,43,15,1,2026-05-09 21:59:55,PAYMENT,APPROVED,USD,1255.09,7.19,AUTH0000000380,PAYMENTS_APP,2026-05-09 21:59:55
381,31,43,2,2025-06-03 06:48:18,PAYMENT,APPROVED,USD,906.2,23.01,AUTH0000000381,PAYMENTS_APP,2025-06-03 06:48:18
382,42,42,4,2025-04-27 17:31:53,PAYMENT,PENDING,USD,1197.56,9.78,,PAYMENTS_APP,2025-04-27 17:31:53
383,132,3,5,2025-02-14 04:39:22,PAYMENT,DECLINED,USD,1481.28,8.27,,PAYMENTS_APP,2025-02-14 04:39:22
384,104,39,5,2025-05-31 02:02:08,PAYMENT,APPROVED,USD,646.39,4.6,AUTH0000000384,PAYMENTS_APP,2025-05-31 02:02:08
385,124,11,2,2025-10-18 03:07:19,PAYMENT,APPROVED,USD,1123.56,39.05,AUTH0000000385,PAYMENTS_APP,2025-10-18 03:07:19
386,176,22,4,2025-07-06 22:41:25,PAYMENT,PENDING,USD,1277.5,8.56,,PAYMENTS_APP,2025-07-06 22:41:25
387,52,34,5,2025-03-12 08:22:02,PAYMENT,APPROVED,USD,964.27,4.52,AUTH0000000387,PAYMENTS_APP,2025-03-12 08:22:02
388,137,33,1,2025-04-09 06:27:35,PAYMENT,APPROVED,USD,2254.12,48.22,AUTH0000000388,PAYMENTS_APP,2025-04-09 06:27:35
389,95,3,6,2026-07-07 00:02:37,PAYMENT,PENDING,USD,1623.43,30.44,,PAYMENTS_APP,2026-07-07 00:02:37
390,195,45,5,2025-08-23 17:33:12,PAYMENT,APPROVED,USD,876.94,24.87,AUTH0000000390,PAYMENTS_APP,2025-08-23 17:33:12
391,105,17,2,2026-05-04 08:27:55,PAYMENT,APPROVED,USD,708.88,21.84,AUTH0000000391,PAYMENTS_APP,2026-05-04 08:27:55
392,81,27,3,2026-06-17 00:15:42,PAYMENT,APPROVED,USD,1636.71,39.91,AUTH0000000392,PAYMENTS_APP,2026-06-17 00:15:42
393,71,44,4,2025-09-17 09:30:49,PAYMENT,DECLINED,USD,1059.48,14.23,,PAYMENTS_APP,2025-09-17 09:30:49
394,95,36,5,2025-07-28 15:02:42,PAYMENT,DECLINED,USD,1959.69,34.11,,PAYMENTS_APP,2025-07-28 15:02:42
395,102,48,2,2026-05-11 09:14:23,PAYMENT,APPROVED,USD,1444.55,39.47,AUTH0000000395,PAYMENTS_APP,2026-05-11 09:14:23
396,131,26,3,2025-08-24 16:15:36,PAYMENT,PENDING,USD,2373.16,10.46,,PAYMENTS_APP,2025-08-24 16:15:36
397,24,10,4,2025-02-23 05:51:08,PAYMENT,APPROVED,USD,2411.46,2.85,AUTH0000000397,PAYMENTS_APP,2025-02-23 05:51:08
398,186,25,4,2025-03-07 09:34:43,PAYMENT,APPROVED,USD,927.72,20.14,AUTH0000000398,PAYMENTS_APP,2025-03-07 09:34:43
399,169,34,3,2025-02-28 06:22:53,PAYMENT,PENDING,USD,1236.43,1.69,,PAYMENTS_APP,2025-02-28 06:22:53
400,10,24,2,2026-06-07 18:46:48,PAYMENT,PENDING,USD,579.95,3.92,,PAYMENTS_APP,2026-06-07 18:46:48
401,102,26,5,2025-06-11 03:09:42,PAYMENT,APPROVED,USD,1949.4,25.35,AUTH0000000401,PAYMENTS_APP,2025-06-11 03:09:42
402,150,23,3,2025-03-12 03:16:58,PAYMENT,DECLINED,USD,711.95,20.8,,PAYMENTS_APP,2025-03-12 03:16:58
403,104,37,1,2025-10-11 08:14:21,PAYMENT,DECLINED,USD,2407.68,39.63,,PAYMENTS_APP,2025-10-11 08:14:21
404,129,19,3,2025-09-25 06:22:22,PAYMENT,APPROVED,USD,1266.09,25.31,AUTH0000000404,PAYMENTS_APP,2025-09-25 06:22:22
405,97,37,4,2025-09-21 19:35:04,PAYMENT,DECLINED,USD,626.1,10.05,,PAYMENTS_APP,2025-09-21 19:35:04
406,8,31,1,2025-09-07 12:22:00,PAYMENT,APPROVED,USD,1704.31,53.65,AUTH0000000406,PAYMENTS_APP,2025-09-07 12:22:00
407,138,1,6,2025-08-14 08:22:17,PAYMENT,APPROVED,USD,1031.65,13.42,AUTH0000000407,PAYMENTS_APP,2025-08-14 08:22:17
408,142,12,4,2025-04-06 14:31:28,PAYMENT,PENDING,USD,1872.22,23.64,,PAYMENTS_APP,2025-04-06 14:31:28
409,49,32,6,2025-08-12 20:53:17,PAYMENT,APPROVED,USD,457.78,12.07,AUTH0000000409,PAYMENTS_APP,2025-08-12 20:53:17
410,159,23,2,2025-09-29 07:31:42,PAYMENT,APPROVED,USD,507.71,4.82,AUTH0000000410,PAYMENTS_APP,2025-09-29 07:31:42
411,11,31,3,2025-03-22 17:56:14,PAYMENT,DECLINED,USD,17.55,0.53,,PAYMENTS_APP,2025-03-22 17:56:14
412,196,33,3,2025-11-19 17:55:32,PAYMENT,DECLINED,USD,2172.05,38.42,,PAYMENTS_APP,2025-11-19 17:55:32
413,109,31,5,2026-02-12 08:05:10,PAYMENT,DECLINED,USD,321.49,6.07,,PAYMENTS_APP,2026-02-12 08:05:10
414,45,30,1,2025-02-03 18:17:40,PAYMENT,APPROVED,USD,984.9,23.97,AUTH0000000414,PAYMENTS_APP,2025-02-03 18:17:40
415,84,24,5,2025-01-09 00:25:49,PAYMENT,PENDING,USD,527.67,10.95,,PAYMENTS_APP,2025-01-09 00:25:49
416,157,22,3,2025-07-11 19:58:21,PAYMENT,APPROVED,USD,593.61,10.11,AUTH0000000416,PAYMENTS_APP,2025-07-11 19:58:21
417,47,37,2,2026-03-06 13:33:19,PAYMENT,APPROVED,USD,2135.96,22.44,AUTH0000000417,PAYMENTS_APP,2026-03-06 13:33:19
418,51,10,6,2025-04-13 09:49:42,PAYMENT,APPROVED,USD,1388.79,41.82,AUTH0000000418,PAYMENTS_APP,2025-04-13 09:49:42
419,162,34,5,2025-06-30 15:20:49,PAYMENT,APPROVED,USD,337.04,10.57,AUTH0000000419,PAYMENTS_APP,2025-06-30 15:20:49
420,26,45,2,2025-11-04 09:08:15,PAYMENT,DECLINED,USD,2146.4,5.63,,PAYMENTS_APP,2025-11-04 09:08:15
421,116,48,3,2025-03-03 07:50:41,PAYMENT,APPROVED,USD,1191.87,26.72,AUTH0000000421,PAYMENTS_APP,2025-03-03 07:50:41
422,174,39,2,2026-07-25 09:22:59,PAYMENT,APPROVED,USD,50.57,0.26,AUTH0000000422,PAYMENTS_APP,2026-07-25 09:22:59
423,125,50,6,2026-07-06 06:21:17,PAYMENT,APPROVED,USD,888.42,21.22,AUTH0000000423,PAYMENTS_APP,2026-07-06 06:21:17
424,164,22,4,2025-10-21 16:53:04,PAYMENT,PENDING,USD,2391.53,72.99,,PAYMENTS_APP,2025-10-21 16:53:04
425,82,42,3,2026-02-19 02:35:51,PAYMENT,APPROVED,USD,405.84,3.55,AUTH0000000425,PAYMENTS_APP,2026-02-19 02:35:51
426,192,38,5,2026-02-09 09:52:33,PAYMENT,APPROVED,USD,1952.65,64.28,AUTH0000000426,PAYMENTS_APP,2026-02-09 09:52:33
427,191,45,6,2025-07-08 00:50:27,PAYMENT,APPROVED,USD,1819.7,42.78,AUTH0000000427,PAYMENTS_APP,2025-07-08 00:50:27
428,14,2,4,2025-04-16 03:28:44,PAYMENT,APPROVED,USD,2342.05,40.02,AUTH0000000428,PAYMENTS_APP,2025-04-16 03:28:44
429,100,20,2,2025-04-17 09:33:20,PAYMENT,DECLINED,USD,389.03,9.05,,PAYMENTS_APP,2025-04-17 09:33:20
430,44,2,1,2025-09-11 10:20:47,PAYMENT,APPROVED,USD,1566.58,8.56,AUTH0000000430,PAYMENTS_APP,2025-09-11 10:20:47
431,70,36,4,2025-11-30 17:20:10,PAYMENT,APPROVED,USD,2437.48,47.24,AUTH0000000431,PAYMENTS_APP,2025-11-30 17:20:10
432,163,37,4,2026-07-07 06:26:44,PAYMENT,DECLINED,USD,1494.36,33.56,,PAYMENTS_APP,2026-07-07 06:26:44
433,124,35,2,2026-06-21 23:17:38,PAYMENT,PENDING,USD,1334.93,42.59,,PAYMENTS_APP,2026-06-21 23:17:38
434,3,1,5,2026-03-29 11:12:32,PAYMENT,APPROVED,USD,1031.1,6.49,AUTH0000000434,PAYMENTS_APP,2026-03-29 11:12:32
435,126,49,4,2025-12-19 10:26:26,PAYMENT,APPROVED,USD,1338.21,32.63,AUTH0000000435,PAYMENTS_APP,2025-12-19 10:26:26
436,49,27,5,2025-10-27 21:44:10,PAYMENT,APPROVED,USD,1992.12,39.12,AUTH0000000436,PAYMENTS_APP,2025-10-27 21:44:10
437,62,34,5,2026-02-04 13:46:32,PAYMENT,APPROVED,USD,658.19,10.11,AUTH0000000437,PAYMENTS_APP,2026-02-04 13:46:32
438,49,5,2,2025-10-19 23:36:34,PAYMENT,PENDING,USD,1330.33,13.49,,PAYMENTS_APP,2025-10-19 23:36:34
439,160,32,2,2025-04-24 23:11:18,PAYMENT,APPROVED,USD,1544.71,15.84,AUTH0000000439,PAYMENTS_APP,2025-04-24 23:11:18
440,33,46,4,2026-07-02 00:48:20,PAYMENT,APPROVED,USD,2430.86,25.75,AUTH0000000440,PAYMENTS_APP,2026-07-02 00:48:20
441,128,24,4,2025-06-04 00:32:10,PAYMENT,APPROVED,USD,543.75,8.31,AUTH0000000441,PAYMENTS_APP,2025-06-04 00:32:10
442,140,31,2,2025-03-24 05:19:08,PAYMENT,APPROVED,USD,666.99,9.57,AUTH0000000442,PAYMENTS_APP,2025-03-24 05:19:08
443,99,50,4,2026-01-26 00:27:33,PAYMENT,APPROVED,USD,2436.52,61.64,AUTH0000000443,PAYMENTS_APP,2026-01-26 00:27:33
444,54,31,4,2025-07-23 16:46:42,PAYMENT,PENDING,USD,1927.72,36.08,,PAYMENTS_APP,2025-07-23 16:46:42
445,141,34,1,2025-11-16 11:45:44,PAYMENT,APPROVED,USD,1573.28,3.83,AUTH0000000445,PAYMENTS_APP,2025-11-16 11:45:44
446,29,16,6,2025-07-23 13:07:21,PAYMENT,APPROVED,USD,2159.28,18.15,AUTH0000000446,PAYMENTS_APP,2025-07-23 13:07:21
447,11,38,6,2025-10-10 21:17:17,PAYMENT,APPROVED,USD,990.12,9.17,AUTH0000000447,PAYMENTS_APP,2025-10-10 21:17:17
448,159,22,6,2026-01-16 03:15:28,PAYMENT,APPROVED,USD,395.09,1.62,AUTH0000000448,PAYMENTS_APP,2026-01-16 03:15:28
449,143,42,3,2025-06-07 19:31:40,PAYMENT,APPROVED,USD,315.44,2.81,AUTH0000000449,PAYMENTS_APP,2025-06-07 19:31:40
450,65,3,4,2025-07-17 00:46:38,PAYMENT,PENDING,USD,945.04,24.22,,PAYMENTS_APP,2025-07-17 00:46:38
451,48,35,3,2026-07-27 10:43:48,PAYMENT,DECLINED,USD,1742.9,12.99,,PAYMENTS_APP,2026-07-27 10:43:48
452,142,11,1,2025-11-28 17:03:13,PAYMENT,APPROVED,USD,2169.29,46.33,AUTH0000000452,PAYMENTS_APP,2025-11-28 17:03:13
453,130,25,6,2025-09-27 19:43:09,PAYMENT,APPROVED,USD,1135.74,31.1,AUTH0000000453,PAYMENTS_APP,2025-09-27 19:43:09
454,138,25,2,2026-01-08 22:34:50,PAYMENT,APPROVED,USD,802.41,2.53,AUTH0000000454,PAYMENTS_APP,2026-01-08 22:34:50
455,83,8,1,2026-07-19 05:36:42,PAYMENT,DECLINED,USD,708.54,10.58,,PAYMENTS_APP,2026-07-19 05:36:42
456,46,3,2,2026-06-20 23:59:22,PAYMENT,APPROVED,USD,110.4,3.63,AUTH0000000456,PAYMENTS_APP,2026-06-20 23:59:22
457,135,40,6,2025-02-02 20:47:23,PAYMENT,PENDING,USD,2090.91,48.86,,PAYMENTS_APP,2025-02-02 20:47:23
458,54,42,4,2025-02-20 13:20:18,PAYMENT,APPROVED,USD,1515.28,5.17,AUTH0000000458,PAYMENTS_APP,2025-02-20 13:20:18
459,107,24,6,2026-04-25 23:15:44,PAYMENT,APPROVED,USD,902.95,23.73,AUTH0000000459,PAYMENTS_APP,2026-04-25 23:15:44
460,56,34,1,2026-06-26 01:28:48,PAYMENT,PENDING,USD,176.9,2.0,,PAYMENTS_APP,2026-06-26 01:28:48
461,64,37,6,2025-08-25 19:21:25,PAYMENT,APPROVED,USD,474.46,8.96,AUTH0000000461,PAYMENTS_APP,2025-08-25 19:21:25
462,92,44,4,2026-07-26 15:06:59,PAYMENT,PENDING,USD,264.68,6.01,,PAYMENTS_APP,2026-07-26 15:06:59
463,130,22,6,2026-03-14 03:47:24,PAYMENT,APPROVED,USD,1981.36,39.03,AUTH0000000463,PAYMENTS_APP,2026-03-14 03:47:24
464,96,27,6,2026-03-30 12:49:39,PAYMENT,APPROVED,USD,1375.65,48.0,AUTH0000000464,PAYMENTS_APP,2026-03-30 12:49:39
465,191,17,3,2025-09-04 20:30:12,PAYMENT,DECLINED,USD,535.61,14.48,,PAYMENTS_APP,2025-09-04 20:30:12
466,73,39,1,2026-04-09 16:17:34,PAYMENT,APPROVED,USD,1.49,0.0,AUTH0000000466,PAYMENTS_APP,2026-04-09 16:17:34
467,81,2,6,2025-11-06 00:14:20,PAYMENT,APPROVED,USD,2461.0,20.44,AUTH0000000467,PAYMENTS_APP,2025-11-06 00:14:20
468,10,30,3,2026-06-08 20:15:18,PAYMENT,DECLINED,USD,2314.88,14.49,,PAYMENTS_APP,2026-06-08 20:15:18
469,60,17,3,2025-06-09 05:02:21,PAYMENT,APPROVED,USD,918.34,19.1,AUTH0000000469,PAYMENTS_APP,2025-06-09 05:02:21
470,125,45,6,2025-08-11 02:48:38,PAYMENT,PENDING,USD,812.41,14.14,,PAYMENTS_APP,2025-08-11 02:48:38
471,148,25,1,2025-04-08 21:40:18,PAYMENT,PENDING,USD,751.68,19.43,,PAYMENTS_APP,2025-04-08 21:40:18
472,198,15,6,2025-12-09 12:40:03,PAYMENT,APPROVED,USD,1041.89,31.78,AUTH0000000472,PAYMENTS_APP,2025-12-09 12:40:03
473,11,21,5,2025-01-12 23:04:44,PAYMENT,PENDING,USD,956.83,10.87,,PAYMENTS_APP,2025-01-12 23:04:44
474,188,26,4,2025-12-01 18:17:30,PAYMENT,PENDING,USD,552.77,1.5,,PAYMENTS_APP,2025-12-01 18:17:30
475,38,9,3,2026-06-01 03:16:47,PAYMENT,APPROVED,USD,1080.41,29.97,AUTH0000000475,PAYMENTS_APP,2026-06-01 03:16:47
476,112,50,6,2025-02-20 19:57:27,PAYMENT,APPROVED,USD,657.13,9.56,AUTH0000000476,PAYMENTS_APP,2025-02-20 19:57:27
477,144,40,6,2026-07-27 07:12:46,PAYMENT,APPROVED,USD,988.9,20.2,AUTH0000000477,PAYMENTS_APP,2026-07-27 07:12:46
478,29,43,4,2025-09-30 15:39:29,PAYMENT,APPROVED,USD,1712.16,35.24,AUTH0000000478,PAYMENTS_APP,2025-09-30 15:39:29
479,44,23,5,2025-11-25 12:32:37,PAYMENT,DECLINED,USD,1638.87,44.53,,PAYMENTS_APP,2025-11-25 12:32:37
480,60,13,6,2026-03-29 22:41:21,PAYMENT,APPROVED,USD,1101.72,35.72,AUTH0000000480,PAYMENTS_APP,2026-03-29 22:41:21
481,38,19,1,2025-03-29 04:05:28,PAYMENT,PENDING,USD,137.29,4.57,,PAYMENTS_APP,2025-03-29 04:05:28
482,190,35,2,2025-04-24 11:06:32,PAYMENT,APPROVED,USD,1178.5,14.48,AUTH0000000482,PAYMENTS_APP,2025-04-24 11:06:32
483,178,45,6,2025-09-22 19:58:52,PAYMENT,APPROVED,USD,1557.98,54.12,AUTH0000000483,PAYMENTS_APP,2025-09-22 19:58:52
484,70,4,4,2025-06-24 02:11:18,PAYMENT,APPROVED,USD,502.54,12.4,AUTH0000000484,PAYMENTS_APP,2025-06-24 02:11:18
485,167,25,2,2025-10-05 13:06:54,PAYMENT,APPROVED,USD,48.68,1.48,AUTH0000000485,PAYMENTS_APP,2025-10-05 13:06:54
486,48,13,5,2025-04-12 11:29:07,PAYMENT,APPROVED,USD,2167.07,41.33,AUTH0000000486,PAYMENTS_APP,2025-04-12 11:29:07
487,126,26,6,2025-01-23 01:26:50,PAYMENT,APPROVED,USD,2305.75,26.21,AUTH0000000487,PAYMENTS_APP,2025-01-23 01:26:50
488,129,18,1,2025-12-27 12:56:20,PAYMENT,PENDING,USD,756.51,26.37,,PAYMENTS_APP,2025-12-27 12:56:20
489,88,26,6,2026-02-01 01:04:22,PAYMENT,DECLINED,USD,2372.84,20.57,,PAYMENTS_APP,2026-02-01 01:04:22
490,157,41,6,2025-05-21 03:11:47,PAYMENT,PENDING,USD,956.14,32.18,,PAYMENTS_APP,2025-05-21 03:11:47
491,155,22,4,2025-09-04 20:51:30,PAYMENT,APPROVED,USD,1066.74,12.4,AUTH0000000491,PAYMENTS_APP,2025-09-04 20:51:30
492,36,20,6,2025-05-22 21:09:16,PAYMENT,DECLINED,USD,1710.44,13.48,,PAYMENTS_APP,2025-05-22 21:09:16
493,38,42,5,2026-06-21 04:55:27,PAYMENT,APPROVED,USD,2489.22,85.07,AUTH0000000493,PAYMENTS_APP,2026-06-21 04:55:27
494,38,47,1,2026-07-25 19:24:16,PAYMENT,PENDING,USD,296.85,3.5,,PAYMENTS_APP,2026-07-25 19:24:16
495,164,48,3,2026-02-28 14:58:23,PAYMENT,APPROVED,USD,1108.07,36.29,AUTH0000000495,PAYMENTS_APP,2026-02-28 14:58:23
496,69,39,5,2025-05-15 06:43:35,PAYMENT,APPROVED,USD,1906.36,41.57,AUTH0000000496,PAYMENTS_APP,2025-05-15 06:43:35
497,35,33,5,2025-08-25 00:56:58,PAYMENT,APPROVED,USD,199.61,5.49,AUTH0000000497,PAYMENTS_APP,2025-08-25 00:56:58
498,58,3,4,2025-07-08 14:06:25,PAYMENT,APPROVED,USD,1185.14,7.78,AUTH0000000498,PAYMENTS_APP,2025-07-08 14:06:25
499,194,14,1,2025-10-04 15:02:18,PAYMENT,APPROVED,USD,1856.17,64.22,AUTH0000000499,PAYMENTS_APP,2025-10-04 15:02:18
500,64,28,4,2026-03-26 22:27:59,PAYMENT,APPROVED,USD,1719.97,52.41,AUTH0000000500,PAYMENTS_APP,2026-03-26 22:27:59
501,153,35,5,2026-01-25 11:23:32,PAYMENT,APPROVED,USD,1529.15,40.13,AUTH0000000501,PAYMENTS_APP,2026-01-25 11:23:32
502,11,16,5,2025-02-09 18:57:22,PAYMENT,APPROVED,USD,1129.57,32.89,AUTH0000000502,PAYMENTS_APP,2025-02-09 18:57:22
503,13,13,3,2025-02-10 20:18:18,PAYMENT,APPROVED,USD,1290.8,28.97,AUTH0000000503,PAYMENTS_APP,2025-02-10 20:18:18
504,14,45,5,2025-10-20 16:47:49,PAYMENT,APPROVED,USD,1056.73,23.09,AUTH0000000504,PAYMENTS_APP,2025-10-20 16:47:49
505,150,45,5,2026-04-08 03:17:34,PAYMENT,PENDING,USD,1252.14,8.91,,PAYMENTS_APP,2026-04-08 03:17:34
506,183,13,4,2026-02-28 11:46:36,PAYMENT,APPROVED,USD,63.26,1.04,AUTH0000000506,PAYMENTS_APP,2026-02-28 11:46:36
507,93,6,5,2025-06-17 04:29:53,PAYMENT,APPROVED,USD,286.3,4.66,AUTH0000000507,PAYMENTS_APP,2025-06-17 04:29:53
508,197,11,3,2026-06-08 22:17:05,PAYMENT,APPROVED,USD,947.32,13.21,AUTH0000000508,PAYMENTS_APP,2026-06-08 22:17:05
509,108,20,3,2025-06-03 05:54:09,PAYMENT,APPROVED,USD,447.99,11.29,AUTH0000000509,PAYMENTS_APP,2025-06-03 05:54:09
510,52,1,5,2025-10-23 22:48:30,PAYMENT,APPROVED,USD,294.77,1.61,AUTH0000000510,PAYMENTS_APP,2025-10-23 22:48:30
511,127,16,2,2026-05-25 18:09:18,PAYMENT,DECLINED,USD,2018.83,43.75,,PAYMENTS_APP,2026-05-25 18:09:18
512,2,16,5,2026-05-03 16:31:12,PAYMENT,APPROVED,USD,1105.25,23.7,AUTH0000000512,PAYMENTS_APP,2026-05-03 16:31:12
513,10,10,1,2025-08-01 01:46:51,PAYMENT,APPROVED,USD,371.49,8.62,AUTH0000000513,PAYMENTS_APP,2025-08-01 01:46:51
514,46,11,6,2025-11-02 12:03:19,PAYMENT,APPROVED,USD,123.53,1.87,AUTH0000000514,PAYMENTS_APP,2025-11-02 12:03:19
515,10,6,3,2026-07-30 06:27:34,PAYMENT,APPROVED,USD,1873.59,24.82,AUTH0000000515,PAYMENTS_APP,2026-07-30 06:27:34
516,32,45,3,2025-03-11 15:33:30,PAYMENT,DECLINED,USD,163.25,2.78,,PAYMENTS_APP,2025-03-11 15:33:30
517,157,4,1,2025-12-04 19:11:21,PAYMENT,APPROVED,USD,1312.09,32.35,AUTH0000000517,PAYMENTS_APP,2025-12-04 19:11:21
518,181,19,4,2026-06-26 03:11:31,PAYMENT,APPROVED,USD,1810.46,39.04,AUTH0000000518,PAYMENTS_APP,2026-06-26 03:11:31
519,145,32,5,2026-06-23 20:56:25,PAYMENT,DECLINED,USD,885.28,4.79,,PAYMENTS_APP,2026-06-23 20:56:25
520,75,13,1,2026-05-25 17:55:53,PAYMENT,APPROVED,USD,2209.28,19.69,AUTH0000000520,PAYMENTS_APP,2026-05-25 17:55:53
521,86,23,5,2025-05-01 07:32:55,PAYMENT,DECLINED,USD,2497.47,37.66,,PAYMENTS_APP,2025-05-01 07:32:55
522,18,20,3,2025-08-06 00:24:40,PAYMENT,PENDING,USD,503.77,5.33,,PAYMENTS_APP,2025-08-06 00:24:40
523,186,37,5,2025-11-28 00:13:23,PAYMENT,APPROVED,USD,1714.9,21.62,AUTH0000000523,PAYMENTS_APP,2025-11-28 00:13:23
524,122,3,6,2025-07-18 12:02:01,PAYMENT,APPROVED,USD,2305.78,39.87,AUTH0000000524,PAYMENTS_APP,2025-07-18 12:02:01
525,191,4,5,2026-04-17 19:33:01,PAYMENT,APPROVED,USD,1156.71,33.18,AUTH0000000525,PAYMENTS_APP,2026-04-17 19:33:01
526,85,23,1,2025-11-20 20:12:48,PAYMENT,DECLINED,USD,47.78,0.99,,PAYMENTS_APP,2025-11-20 20:12:48
527,137,11,5,2025-06-02 10:12:40,PAYMENT,APPROVED,USD,848.54,11.67,AUTH0000000527,PAYMENTS_APP,2025-06-02 10:12:40
528,70,27,1,2025-04-30 11:13:27,PAYMENT,PENDING,USD,2144.69,53.91,,PAYMENTS_APP,2025-04-30 11:13:27
529,135,20,2,2025-09-01 13:31:44,PAYMENT,APPROVED,USD,2073.81,23.41,AUTH0000000529,PAYMENTS_APP,2025-09-01 13:31:44
530,129,10,2,2025-07-26 03:22:17,PAYMENT,APPROVED,USD,1265.48,35.64,AUTH0000000530,PAYMENTS_APP,2025-07-26 03:22:17
531,133,44,2,2026-06-21 11:17:59,PAYMENT,APPROVED,USD,359.09,11.0,AUTH0000000531,PAYMENTS_APP,2026-06-21 11:17:59
532,176,39,1,2026-02-01 19:01:04,PAYMENT,APPROVED,USD,11.27,0.37,AUTH0000000532,PAYMENTS_APP,2026-02-01 19:01:04
533,195,20,6,2025-04-16 18:57:13,PAYMENT,PENDING,USD,1864.14,3.29,,PAYMENTS_APP,2025-04-16 18:57:13
534,198,29,6,2025-11-25 07:18:07,PAYMENT,APPROVED,USD,717.13,13.7,AUTH0000000534,PAYMENTS_APP,2025-11-25 07:18:07
535,27,14,5,2025-10-08 04:10:02,PAYMENT,APPROVED,USD,2395.79,47.98,AUTH0000000535,PAYMENTS_APP,2025-10-08 04:10:02
536,157,22,5,2025-05-25 10:18:48,PAYMENT,DECLINED,USD,612.82,2.1,,PAYMENTS_APP,2025-05-25 10:18:48
537,13,7,4,2026-03-31 01:50:48,PAYMENT,APPROVED,USD,73.45,2.33,AUTH0000000537,PAYMENTS_APP,2026-03-31 01:50:48
538,115,40,3,2025-07-03 21:42:14,PAYMENT,DECLINED,USD,1574.05,38.51,,PAYMENTS_APP,2025-07-03 21:42:14
539,137,6,4,2025-11-16 12:05:59,PAYMENT,APPROVED,USD,1782.53,42.44,AUTH0000000539,PAYMENTS_APP,2025-11-16 12:05:59
540,197,30,4,2026-04-25 03:32:28,PAYMENT,APPROVED,USD,776.67,17.79,AUTH0000000540,PAYMENTS_APP,2026-04-25 03:32:28
541,85,21,4,2025-09-22 13:13:58,PAYMENT,APPROVED,USD,459.2,14.78,AUTH0000000541,PAYMENTS_APP,2025-09-22 13:13:58
542,197,23,5,2025-04-26 12:47:44,PAYMENT,APPROVED,USD,1153.64,7.85,AUTH0000000542,PAYMENTS_APP,2025-04-26 12:47:44
543,78,35,4,2026-02-20 03:53:42,PAYMENT,APPROVED,USD,1390.82,4.74,AUTH0000000543,PAYMENTS_APP,2026-02-20 03:53:42
544,88,14,6,2025-09-07 19:57:00,PAYMENT,APPROVED,USD,2434.76,34.21,AUTH0000000544,PAYMENTS_APP,2025-09-07 19:57:00
545,170,43,1,2026-03-22 20:39:05,PAYMENT,APPROVED,USD,1361.77,12.3,AUTH0000000545,PAYMENTS_APP,2026-03-22 20:39:05
546,25,29,2,2026-05-14 04:09:44,PAYMENT,DECLINED,USD,1490.59,17.98,,PAYMENTS_APP,2026-05-14 04:09:44
547,153,50,4,2025-11-12 14:46:28,PAYMENT,APPROVED,USD,1496.05,36.36,AUTH0000000547,PAYMENTS_APP,2025-11-12 14:46:28
548,194,41,1,2025-03-04 03:17:46,PAYMENT,APPROVED,USD,2042.77,63.67,AUTH0000000548,PAYMENTS_APP,2025-03-04 03:17:46
549,51,14,6,2026-04-09 19:20:32,PAYMENT,APPROVED,USD,975.57,20.15,AUTH0000000549,PAYMENTS_APP,2026-04-09 19:20:32
550,23,38,1,2025-11-08 15:49:40,PAYMENT,PENDING,USD,2456.47,31.21,,PAYMENTS_APP,2025-11-08 15:49:40
551,141,4,1,2026-06-07 14:42:58,PAYMENT,APPROVED,USD,2131.41,6.65,AUTH0000000551,PAYMENTS_APP,2026-06-07 14:42:58
552,180,38,4,2026-01-03 03:59:38,PAYMENT,APPROVED,USD,2164.33,19.48,AUTH0000000552,PAYMENTS_APP,2026-01-03 03:59:38
553,122,9,2,2026-02-20 13:53:32,PAYMENT,APPROVED,USD,1363.25,32.07,AUTH0000000553,PAYMENTS_APP,2026-02-20 13:53:32
554,33,9,1,2026-01-04 15:11:27,PAYMENT,APPROVED,USD,721.89,22.14,AUTH0000000554,PAYMENTS_APP,2026-01-04 15:11:27
555,36,42,4,2026-05-14 23:57:15,PAYMENT,APPROVED,USD,2437.46,13.69,AUTH0000000555,PAYMENTS_APP,2026-05-14 23:57:15
556,116,25,3,2026-03-12 22:41:30,PAYMENT,APPROVED,USD,1136.53,17.53,AUTH0000000556,PAYMENTS_APP,2026-03-12 22:41:30
557,129,18,4,2025-01-08 21:02:31,PAYMENT,APPROVED,USD,2117.16,19.16,AUTH0000000557,PAYMENTS_APP,2025-01-08 21:02:31
558,149,31,6,2025-02-04 01:22:43,PAYMENT,DECLINED,USD,1208.69,16.36,,PAYMENTS_APP,2025-02-04 01:22:43
559,193,50,3,2025-03-23 05:10:23,PAYMENT,PENDING,USD,1828.5,62.98,,PAYMENTS_APP,2025-03-23 05:10:23
560,190,43,6,2025-03-22 19:03:17,PAYMENT,DECLINED,USD,222.03,3.79,,PAYMENTS_APP,2025-03-22 19:03:17
561,14,22,5,2025-03-21 23:04:18,PAYMENT,DECLINED,USD,1995.45,23.2,,PAYMENTS_APP,2025-03-21 23:04:18
562,188,22,4,2025-01-12 17:04:15,PAYMENT,APPROVED,USD,1282.15,21.74,AUTH0000000562,PAYMENTS_APP,2025-01-12 17:04:15
563,192,20,6,2025-10-29 10:31:47,PAYMENT,APPROVED,USD,89.28,2.89,AUTH0000000563,PAYMENTS_APP,2025-10-29 10:31:47
564,75,48,5,2026-04-30 21:02:58,PAYMENT,APPROVED,USD,1432.58,33.4,AUTH0000000564,PAYMENTS_APP,2026-04-30 21:02:58
565,66,1,6,2025-10-12 09:10:36,PAYMENT,APPROVED,USD,1539.88,15.95,AUTH0000000565,PAYMENTS_APP,2025-10-12 09:10:36
566,180,16,4,2025-06-04 23:59:56,PAYMENT,APPROVED,USD,925.05,6.44,AUTH0000000566,PAYMENTS_APP,2025-06-04 23:59:56
567,40,32,4,2025-02-03 12:28:57,PAYMENT,APPROVED,USD,2418.4,51.39,AUTH0000000567,PAYMENTS_APP,2025-02-03 12:28:57
568,89,4,6,2026-03-27 23:12:48,PAYMENT,APPROVED,USD,527.93,13.71,AUTH0000000568,PAYMENTS_APP,2026-03-27 23:12:48
569,192,49,5,2025-02-23 06:06:07,PAYMENT,APPROVED,USD,997.46,11.22,AUTH0000000569,PAYMENTS_APP,2025-02-23 06:06:07
570,4,19,4,2026-02-04 17:16:45,PAYMENT,APPROVED,USD,363.73,11.13,AUTH0000000570,PAYMENTS_APP,2026-02-04 17:16:45
571,111,40,6,2026-06-27 01:29:36,PAYMENT,APPROVED,USD,2294.36,52.02,AUTH0000000571,PAYMENTS_APP,2026-06-27 01:29:36
572,198,44,6,2025-10-01 03:34:41,PAYMENT,APPROVED,USD,1636.2,23.4,AUTH0000000572,PAYMENTS_APP,2025-10-01 03:34:41
573,81,36,1,2025-07-19 18:55:51,PAYMENT,APPROVED,USD,1694.62,58.92,AUTH0000000573,PAYMENTS_APP,2025-07-19 18:55:51
574,90,15,6,2025-01-13 14:58:23,PAYMENT,APPROVED,USD,1313.64,31.93,AUTH0000000574,PAYMENTS_APP,2025-01-13 14:58:23
575,56,39,6,2025-01-25 22:33:05,PAYMENT,APPROVED,USD,143.15,3.03,AUTH0000000575,PAYMENTS_APP,2025-01-25 22:33:05
576,166,37,2,2025-03-30 22:00:57,PAYMENT,APPROVED,USD,940.52,25.37,AUTH0000000576,PAYMENTS_APP,2025-03-30 22:00:57
577,117,18,4,2025-09-17 10:43:29,PAYMENT,APPROVED,USD,1651.53,5.9,AUTH0000000577,PAYMENTS_APP,2025-09-17 10:43:29
578,16,25,4,2025-11-28 09:22:09,PAYMENT,APPROVED,USD,1952.05,20.36,AUTH0000000578,PAYMENTS_APP,2025-11-28 09:22:09
579,52,40,4,2025-09-29 06:28:41,PAYMENT,APPROVED,USD,174.43,5.98,AUTH0000000579,PAYMENTS_APP,2025-09-29 06:28:41
580,114,46,3,2025-05-28 19:41:01,PAYMENT,APPROVED,USD,546.75,12.51,AUTH0000000580,PAYMENTS_APP,2025-05-28 19:41:01
581,164,1,1,2025-09-14 16:14:02,PAYMENT,APPROVED,USD,2241.38,13.59,AUTH0000000581,PAYMENTS_APP,2025-09-14 16:14:02
582,198,32,4,2025-12-04 14:14:52,PAYMENT,DECLINED,USD,10.26,0.26,,PAYMENTS_APP,2025-12-04 14:14:52
583,139,15,1,2026-03-23 14:42:21,PAYMENT,PENDING,USD,1952.56,54.09,,PAYMENTS_APP,2026-03-23 14:42:21
584,86,44,3,2026-05-09 04:24:46,PAYMENT,DECLINED,USD,1338.72,46.47,,PAYMENTS_APP,2026-05-09 04:24:46
585,94,35,3,2026-02-15 02:00:34,PAYMENT,PENDING,USD,2492.54,57.33,,PAYMENTS_APP,2026-02-15 02:00:34
586,99,43,2,2026-04-16 10:33:25,PAYMENT,PENDING,USD,508.6,10.1,,PAYMENTS_APP,2026-04-16 10:33:25
587,162,29,6,2026-02-04 03:53:14,PAYMENT,PENDING,USD,1722.42,30.21,,PAYMENTS_APP,2026-02-04 03:53:14
588,126,25,1,2025-02-06 07:01:49,PAYMENT,APPROVED,USD,1799.63,38.08,AUTH0000000588,PAYMENTS_APP,2025-02-06 07:01:49
589,87,4,3,2026-05-27 19:26:24,PAYMENT,APPROVED,USD,2416.47,3.77,AUTH0000000589,PAYMENTS_APP,2026-05-27 19:26:24
590,174,35,2,2025-05-02 07:42:25,PAYMENT,PENDING,USD,1668.62,27.67,,PAYMENTS_APP,2025-05-02 07:42:25
591,5,31,5,2025-08-27 02:37:21,PAYMENT,APPROVED,USD,1838.91,32.41,AUTH0000000591,PAYMENTS_APP,2025-08-27 02:37:21
592,25,30,5,2025-05-14 00:31:22,PAYMENT,APPROVED,USD,1582.02,50.24,AUTH0000000592,PAYMENTS_APP,2025-05-14 00:31:22
593,17,13,4,2025-04-19 04:09:25,PAYMENT,APPROVED,USD,1487.85,32.63,AUTH0000000593,PAYMENTS_APP,2025-04-19 04:09:25
594,36,21,2,2026-02-16 11:48:18,PAYMENT,APPROVED,USD,2439.66,50.22,AUTH0000000594,PAYMENTS_APP,2026-02-16 11:48:18
595,44,45,3,2025-12-10 02:18:06,PAYMENT,APPROVED,USD,685.46,18.34,AUTH0000000595,PAYMENTS_APP,2025-12-10 02:18:06
596,97,50,2,2025-02-11 04:51:21,PAYMENT,APPROVED,USD,1977.84,44.49,AUTH0000000596,PAYMENTS_APP,2025-02-11 04:51:21
597,178,9,2,2025-10-18 15:09:15,PAYMENT,PENDING,USD,2018.72,55.04,,PAYMENTS_APP,2025-10-18 15:09:15
598,157,45,1,2025-10-05 19:02:42,PAYMENT,APPROVED,USD,1030.67,33.9,AUTH0000000598,PAYMENTS_APP,2025-10-05 19:02:42
599,61,13,1,2025-04-01 22:50:07,PAYMENT,APPROVED,USD,870.29,1.01,AUTH0000000599,PAYMENTS_APP,2025-04-01 22:50:07
600,169,14,3,2026-01-06 19:39:02,PAYMENT,DECLINED,USD,548.97,14.93,,PAYMENTS_APP,2026-01-06 19:39:02
601,122,32,2,2025-02-24 07:03:11,PAYMENT,APPROVED,USD,1991.74,48.4,AUTH0000000601,PAYMENTS_APP,2025-02-24 07:03:11
602,86,40,4,2025-02-25 23:28:43,PAYMENT,APPROVED,USD,713.38,11.26,AUTH0000000602,PAYMENTS_APP,2025-02-25 23:28:43
603,30,5,2,2026-07-05 06:24:13,PAYMENT,APPROVED,USD,1963.94,34.35,AUTH0000000603,PAYMENTS_APP,2026-07-05 06:24:13
604,59,50,1,2025-11-30 15:15:27,PAYMENT,APPROVED,USD,1867.97,58.92,AUTH0000000604,PAYMENTS_APP,2025-11-30 15:15:27
605,150,32,1,2026-02-27 07:16:48,PAYMENT,APPROVED,USD,2228.52,7.8,AUTH0000000605,PAYMENTS_APP,2026-02-27 07:16:48
606,50,41,3,2026-04-11 06:28:58,PAYMENT,APPROVED,USD,934.34,15.48,AUTH0000000606,PAYMENTS_APP,2026-04-11 06:28:58
607,29,30,4,2025-05-11 01:10:06,PAYMENT,PENDING,USD,1422.1,14.99,,PAYMENTS_APP,2025-05-11 01:10:06
608,164,40,2,2025-12-18 08:00:16,PAYMENT,APPROVED,USD,1509.49,42.03,AUTH0000000608,PAYMENTS_APP,2025-12-18 08:00:16
609,56,38,4,2025-08-24 03:08:54,PAYMENT,APPROVED,USD,2142.58,37.78,AUTH0000000609,PAYMENTS_APP,2025-08-24 03:08:54
610,152,10,5,2026-03-15 08:58:49,PAYMENT,APPROVED,USD,818.91,16.95,AUTH0000000610,PAYMENTS_APP,2026-03-15 08:58:49
611,109,34,4,2025-02-15 01:27:30,PAYMENT,APPROVED,USD,1833.96,33.27,AUTH0000000611,PAYMENTS_APP,2025-02-15 01:27:30
612,4,45,6,2025-04-11 16:28:22,PAYMENT,APPROVED,USD,602.04,12.03,AUTH0000000612,PAYMENTS_APP,2025-04-11 16:28:22
613,123,43,3,2026-01-03 10:46:09,PAYMENT,APPROVED,USD,1619.45,6.62,AUTH0000000613,PAYMENTS_APP,2026-01-03 10:46:09
614,104,12,3,2025-01-25 16:33:36,PAYMENT,APPROVED,USD,1929.82,59.29,AUTH0000000614,PAYMENTS_APP,2025-01-25 16:33:36
615,136,3,3,2025-01-02 22:50:22,PAYMENT,APPROVED,USD,962.81,23.57,AUTH0000000615,PAYMENTS_APP,2025-01-02 22:50:22
616,86,48,1,2026-07-10 20:56:36,PAYMENT,APPROVED,USD,1969.44,7.39,AUTH0000000616,PAYMENTS_APP,2026-07-10 20:56:36
617,11,24,3,2026-01-08 01:52:38,PAYMENT,APPROVED,USD,958.0,16.12,AUTH0000000617,PAYMENTS_APP,2026-01-08 01:52:38
618,86,16,5,2025-03-10 20:24:59,PAYMENT,PENDING,USD,1934.17,11.04,,PAYMENTS_APP,2025-03-10 20:24:59
619,58,21,3,2026-05-05 21:07:17,PAYMENT,PENDING,USD,525.28,13.83,,PAYMENTS_APP,2026-05-05 21:07:17
620,116,32,5,2026-05-31 15:23:54,PAYMENT,APPROVED,USD,137.1,1.87,AUTH0000000620,PAYMENTS_APP,2026-05-31 15:23:54
621,173,45,1,2026-06-29 19:24:02,PAYMENT,APPROVED,USD,1130.49,15.28,AUTH0000000621,PAYMENTS_APP,2026-06-29 19:24:02
622,20,7,2,2025-03-31 02:55:08,PAYMENT,APPROVED,USD,2244.97,24.26,AUTH0000000622,PAYMENTS_APP,2025-03-31 02:55:08
623,76,27,6,2026-05-24 05:28:46,PAYMENT,APPROVED,USD,1302.2,29.07,AUTH0000000623,PAYMENTS_APP,2026-05-24 05:28:46
624,49,5,1,2025-12-22 15:17:47,PAYMENT,APPROVED,USD,1844.54,3.19,AUTH0000000624,PAYMENTS_APP,2025-12-22 15:17:47
625,166,21,4,2026-06-17 23:28:18,PAYMENT,APPROVED,USD,1029.82,13.03,AUTH0000000625,PAYMENTS_APP,2026-06-17 23:28:18
626,79,11,3,2026-07-16 16:12:40,PAYMENT,APPROVED,USD,760.9,4.17,AUTH0000000626,PAYMENTS_APP,2026-07-16 16:12:40
627,43,40,2,2025-10-23 01:43:22,PAYMENT,APPROVED,USD,883.45,14.58,AUTH0000000627,PAYMENTS_APP,2025-10-23 01:43:22
628,82,37,2,2025-06-29 05:35:17,PAYMENT,APPROVED,USD,595.53,1.43,AUTH0000000628,PAYMENTS_APP,2025-06-29 05:35:17
629,89,10,3,2025-07-30 20:28:46,PAYMENT,PENDING,USD,87.69,1.03,,PAYMENTS_APP,2025-07-30 20:28:46
630,128,50,2,2025-06-16 19:25:45,PAYMENT,APPROVED,USD,304.6,0.56,AUTH0000000630,PAYMENTS_APP,2025-06-16 19:25:45
631,166,46,3,2025-06-09 00:09:22,PAYMENT,PENDING,USD,1365.82,24.93,,PAYMENTS_APP,2025-06-09 00:09:22
632,114,22,6,2025-10-24 20:53:19,PAYMENT,PENDING,USD,368.56,7.45,,PAYMENTS_APP,2025-10-24 20:53:19
633,7,26,5,2026-05-06 01:27:33,PAYMENT,APPROVED,USD,1695.34,8.43,AUTH0000000633,PAYMENTS_APP,2026-05-06 01:27:33
634,135,15,3,2025-04-05 11:52:57,PAYMENT,APPROVED,USD,1520.77,11.61,AUTH0000000634,PAYMENTS_APP,2025-04-05 11:52:57
635,155,39,5,2026-04-02 03:10:52,PAYMENT,DECLINED,USD,986.66,17.44,,PAYMENTS_APP,2026-04-02 03:10:52
636,95,25,3,2025-02-27 13:08:45,PAYMENT,APPROVED,USD,370.72,11.13,AUTH0000000636,PAYMENTS_APP,2025-02-27 13:08:45
637,107,29,3,2026-07-29 03:11:21,PAYMENT,APPROVED,USD,1819.91,29.31,AUTH0000000637,PAYMENTS_APP,2026-07-29 03:11:21
638,37,14,3,2026-03-11 15:04:49,PAYMENT,APPROVED,USD,2088.94,44.56,AUTH0000000638,PAYMENTS_APP,2026-03-11 15:04:49
639,105,41,3,2025-12-10 02:24:25,PAYMENT,DECLINED,USD,1890.53,7.58,,PAYMENTS_APP,2025-12-10 02:24:25
640,36,13,2,2026-03-01 06:22:03,PAYMENT,DECLINED,USD,1155.84,23.47,,PAYMENTS_APP,2026-03-01 06:22:03
641,78,38,3,2026-01-26 10:32:20,PAYMENT,DECLINED,USD,1226.97,35.55,,PAYMENTS_APP,2026-01-26 10:32:20
642,1,10,3,2026-05-21 20:21:46,PAYMENT,PENDING,USD,1159.17,2.22,,PAYMENTS_APP,2026-05-21 20:21:46
643,46,32,6,2026-04-29 04:31:16,PAYMENT,PENDING,USD,1665.12,17.95,,PAYMENTS_APP,2026-04-29 04:31:16
644,154,48,3,2025-01-30 04:20:44,PAYMENT,APPROVED,USD,1233.13,41.93,AUTH0000000644,PAYMENTS_APP,2025-01-30 04:20:44
645,31,24,5,2025-09-22 22:51:52,PAYMENT,PENDING,USD,1190.63,29.29,,PAYMENTS_APP,2025-09-22 22:51:52
646,119,45,2,2025-01-18 09:26:58,PAYMENT,APPROVED,USD,1454.55,8.68,AUTH0000000646,PAYMENTS_APP,2025-01-18 09:26:58
647,75,19,5,2026-01-05 15:16:26,PAYMENT,PENDING,USD,2280.35,29.88,,PAYMENTS_APP,2026-01-05 15:16:26
648,25,39,2,2025-03-20 18:42:33,PAYMENT,APPROVED,USD,1916.34,13.86,AUTH0000000648,PAYMENTS_APP,2025-03-20 18:42:33
649,137,38,3,2025-11-05 09:53:00,PAYMENT,PENDING,USD,1745.22,23.26,,PAYMENTS_APP,2025-11-05 09:53:00
650,106,22,2,2025-01-14 04:59:10,PAYMENT,DECLINED,USD,704.26,19.35,,PAYMENTS_APP,2025-01-14 04:59:10
651,144,40,6,2025-04-15 07:55:57,PAYMENT,APPROVED,USD,1258.95,36.85,AUTH0000000651,PAYMENTS_APP,2025-04-15 07:55:57
652,118,5,1,2026-06-29 20:03:55,PAYMENT,PENDING,USD,1891.01,9.22,,PAYMENTS_APP,2026-06-29 20:03:55
653,114,39,5,2025-01-18 17:27:31,PAYMENT,APPROVED,USD,779.62,10.39,AUTH0000000653,PAYMENTS_APP,2025-01-18 17:27:31
654,178,10,6,2025-11-08 01:02:49,PAYMENT,PENDING,USD,2036.62,17.43,,PAYMENTS_APP,2025-11-08 01:02:49
655,196,8,1,2025-05-09 07:38:24,PAYMENT,APPROVED,USD,2452.79,37.88,AUTH0000000655,PAYMENTS_APP,2025-05-09 07:38:24
656,65,3,1,2025-02-03 18:41:42,PAYMENT,DECLINED,USD,149.1,0.75,,PAYMENTS_APP,2025-02-03 18:41:42
657,53,38,2,2025-11-05 00:22:26,PAYMENT,APPROVED,USD,1956.14,63.15,AUTH0000000657,PAYMENTS_APP,2025-11-05 00:22:26
658,90,23,2,2025-04-03 05:17:58,PAYMENT,PENDING,USD,2354.67,78.31,,PAYMENTS_APP,2025-04-03 05:17:58
659,196,1,5,2025-09-05 18:22:59,PAYMENT,DECLINED,USD,171.77,4.96,,PAYMENTS_APP,2025-09-05 18:22:59
660,2,47,1,2025-08-11 06:58:26,PAYMENT,APPROVED,USD,430.26,11.46,AUTH0000000660,PAYMENTS_APP,2025-08-11 06:58:26
661,28,12,3,2026-05-02 13:20:33,PAYMENT,PENDING,USD,1473.86,23.51,,PAYMENTS_APP,2026-05-02 13:20:33
662,81,8,4,2026-03-11 07:48:05,PAYMENT,DECLINED,USD,569.66,2.76,,PAYMENTS_APP,2026-03-11 07:48:05
663,74,36,6,2025-04-23 18:55:21,PAYMENT,APPROVED,USD,1240.04,16.47,AUTH0000000663,PAYMENTS_APP,2025-04-23 18:55:21
664,176,29,2,2025-04-29 14:00:34,PAYMENT,APPROVED,USD,1142.91,29.75,AUTH0000000664,PAYMENTS_APP,2025-04-29 14:00:34
665,174,24,2,2026-03-15 06:52:24,PAYMENT,APPROVED,USD,2236.99,63.27,AUTH0000000665,PAYMENTS_APP,2026-03-15 06:52:24
666,102,26,6,2026-03-25 19:01:46,PAYMENT,PENDING,USD,1691.62,8.55,,PAYMENTS_APP,2026-03-25 19:01:46
667,52,39,4,2025-04-15 06:08:34,PAYMENT,APPROVED,USD,909.91,7.07,AUTH0000000667,PAYMENTS_APP,2025-04-15 06:08:34
668,194,42,4,2026-05-27 10:08:25,PAYMENT,PENDING,USD,1915.16,40.57,,PAYMENTS_APP,2026-05-27 10:08:25
669,28,8,3,2026-02-19 17:38:28,PAYMENT,DECLINED,USD,697.95,18.92,,PAYMENTS_APP,2026-02-19 17:38:28
670,26,48,1,2026-05-17 18:06:18,PAYMENT,APPROVED,USD,1571.3,8.76,AUTH0000000670,PAYMENTS_APP,2026-05-17 18:06:18
671,78,40,5,2025-01-28 06:31:14,PAYMENT,APPROVED,USD,1511.86,18.32,AUTH0000000671,PAYMENTS_APP,2025-01-28 06:31:14
672,126,33,3,2026-06-17 17:55:12,PAYMENT,APPROVED,USD,505.63,11.89,AUTH0000000672,PAYMENTS_APP,2026-06-17 17:55:12
673,111,8,4,2026-07-08 19:54:06,PAYMENT,APPROVED,USD,2381.5,4.94,AUTH0000000673,PAYMENTS_APP,2026-07-08 19:54:06
674,200,20,6,2026-03-30 16:44:08,PAYMENT,APPROVED,USD,83.12,1.66,AUTH0000000674,PAYMENTS_APP,2026-03-30 16:44:08
675,126,43,5,2025-11-16 14:09:57,PAYMENT,APPROVED,USD,1910.26,38.86,AUTH0000000675,PAYMENTS_APP,2025-11-16 14:09:57
676,127,38,4,2026-05-03 20:28:15,PAYMENT,APPROVED,USD,1267.21,18.13,AUTH0000000676,PAYMENTS_APP,2026-05-03 20:28:15
677,94,23,6,2025-10-19 11:40:06,PAYMENT,APPROVED,USD,71.34,0.18,AUTH0000000677,PAYMENTS_APP,2025-10-19 11:40:06
678,106,23,1,2025-12-16 13:51:22,PAYMENT,APPROVED,USD,1070.94,37.19,AUTH0000000678,PAYMENTS_APP,2025-12-16 13:51:22
679,79,8,3,2025-11-16 21:34:24,PAYMENT,APPROVED,USD,2276.06,7.34,AUTH0000000679,PAYMENTS_APP,2025-11-16 21:34:24
680,108,18,1,2025-02-08 16:46:52,PAYMENT,PENDING,USD,2158.56,43.85,,PAYMENTS_APP,2025-02-08 16:46:52
681,26,32,1,2025-01-23 11:31:26,PAYMENT,APPROVED,USD,1426.31,17.06,AUTH0000000681,PAYMENTS_APP,2025-01-23 11:31:26
682,94,28,2,2026-05-24 18:18:18,PAYMENT,PENDING,USD,849.51,18.61,,PAYMENTS_APP,2026-05-24 18:18:18
683,147,26,2,2025-03-19 19:30:32,PAYMENT,APPROVED,USD,719.1,1.88,AUTH0000000683,PAYMENTS_APP,2025-03-19 19:30:32
684,136,31,4,2025-04-08 21:32:56,PAYMENT,APPROVED,USD,684.14,13.86,AUTH0000000684,PAYMENTS_APP,2025-04-08 21:32:56
685,52,27,4,2025-11-06 18:22:24,PAYMENT,APPROVED,USD,1082.84,20.96,AUTH0000000685,PAYMENTS_APP,2025-11-06 18:22:24
686,48,37,4,2026-07-15 06:34:31,PAYMENT,APPROVED,USD,1569.98,29.13,AUTH0000000686,PAYMENTS_APP,2026-07-15 06:34:31
687,197,28,5,2026-04-24 09:45:18,PAYMENT,PENDING,USD,1332.27,29.16,,PAYMENTS_APP,2026-04-24 09:45:18
688,39,48,6,2025-03-03 19:00:54,PAYMENT,APPROVED,USD,911.32,5.49,AUTH0000000688,PAYMENTS_APP,2025-03-03 19:00:54
689,69,19,6,2026-02-25 11:36:06,PAYMENT,APPROVED,USD,1585.18,47.18,AUTH0000000689,PAYMENTS_APP,2026-02-25 11:36:06
690,63,20,4,2025-08-30 14:46:37,PAYMENT,APPROVED,USD,284.78,2.14,AUTH0000000690,PAYMENTS_APP,2025-08-30 14:46:37
691,8,17,3,2026-03-09 23:33:13,PAYMENT,APPROVED,USD,505.77,5.2,AUTH0000000691,PAYMENTS_APP,2026-03-09 23:33:13
692,81,39,3,2025-02-13 17:41:20,PAYMENT,APPROVED,USD,139.26,4.38,AUTH0000000692,PAYMENTS_APP,2025-02-13 17:41:20
693,186,9,2,2026-02-21 13:13:56,PAYMENT,PENDING,USD,1643.92,6.69,,PAYMENTS_APP,2026-02-21 13:13:56
694,199,34,3,2026-05-28 04:23:32,PAYMENT,DECLINED,USD,1660.88,34.44,,PAYMENTS_APP,2026-05-28 04:23:32
695,81,22,5,2026-05-24 03:17:09,PAYMENT,APPROVED,USD,1499.95,40.93,AUTH0000000695,PAYMENTS_APP,2026-05-24 03:17:09
696,71,29,4,2025-08-30 15:23:46,PAYMENT,APPROVED,USD,361.55,2.51,AUTH0000000696,PAYMENTS_APP,2025-08-30 15:23:46
697,140,28,4,2026-05-18 19:25:22,PAYMENT,APPROVED,USD,1749.34,8.47,AUTH0000000697,PAYMENTS_APP,2026-05-18 19:25:22
698,6,42,5,2025-05-29 13:12:58,PAYMENT,APPROVED,USD,1789.46,51.76,AUTH0000000698,PAYMENTS_APP,2025-05-29 13:12:58
699,180,24,6,2025-09-03 09:12:38,PAYMENT,DECLINED,USD,962.34,21.87,,PAYMENTS_APP,2025-09-03 09:12:38
700,101,17,3,2025-05-05 19:28:31,PAYMENT,APPROVED,USD,2144.26,30.47,AUTH0000000700,PAYMENTS_APP,2025-05-05 19:28:31
701,113,41,3,2025-08-30 10:49:43,PAYMENT,APPROVED,USD,2148.68,13.85,AUTH0000000701,PAYMENTS_APP,2025-08-30 10:49:43
702,126,31,6,2026-02-21 01:14:00,PAYMENT,APPROVED,USD,2166.25,62.8,AUTH0000000702,PAYMENTS_APP,2026-02-21 01:14:00
703,91,27,5,2026-03-09 03:39:19,PAYMENT,APPROVED,USD,1746.51,31.81,AUTH0000000703,PAYMENTS_APP,2026-03-09 03:39:19
704,165,12,6,2025-12-01 16:30:09,PAYMENT,PENDING,USD,69.35,0.19,,PAYMENTS_APP,2025-12-01 16:30:09
705,148,6,1,2025-05-20 00:06:43,PAYMENT,APPROVED,USD,500.99,5.71,AUTH0000000705,PAYMENTS_APP,2025-05-20 00:06:43
706,116,31,6,2025-05-14 21:37:38,PAYMENT,PENDING,USD,1026.38,33.81,,PAYMENTS_APP,2025-05-14 21:37:38
707,107,24,2,2025-06-27 21:35:28,PAYMENT,APPROVED,USD,1999.02,15.5,AUTH0000000707,PAYMENTS_APP,2025-06-27 21:35:28
708,161,15,1,2025-08-18 00:45:17,PAYMENT,APPROVED,USD,2307.86,53.08,AUTH0000000708,PAYMENTS_APP,2025-08-18 00:45:17
709,39,6,3,2025-06-22 01:48:45,PAYMENT,APPROVED,USD,1545.39,33.09,AUTH0000000709,PAYMENTS_APP,2025-06-22 01:48:45
710,173,32,1,2025-01-15 19:08:42,PAYMENT,APPROVED,USD,1933.62,62.96,AUTH0000000710,PAYMENTS_APP,2025-01-15 19:08:42
711,53,39,2,2025-09-30 10:29:03,PAYMENT,PENDING,USD,1235.93,6.71,,PAYMENTS_APP,2025-09-30 10:29:03
712,8,19,3,2025-10-17 06:53:40,PAYMENT,APPROVED,USD,451.74,12.62,AUTH0000000712,PAYMENTS_APP,2025-10-17 06:53:40
713,3,31,2,2025-09-12 13:27:29,PAYMENT,DECLINED,USD,1710.98,28.36,,PAYMENTS_APP,2025-09-12 13:27:29
714,109,48,5,2025-11-28 14:28:28,PAYMENT,PENDING,USD,531.33,7.46,,PAYMENTS_APP,2025-11-28 14:28:28
715,121,23,5,2025-04-08 20:16:47,PAYMENT,APPROVED,USD,131.23,4.29,AUTH0000000715,PAYMENTS_APP,2025-04-08 20:16:47
716,102,43,3,2025-02-16 00:11:42,PAYMENT,APPROVED,USD,1261.85,17.61,AUTH0000000716,PAYMENTS_APP,2025-02-16 00:11:42
717,87,30,2,2025-02-12 21:08:05,PAYMENT,APPROVED,USD,651.47,11.81,AUTH0000000717,PAYMENTS_APP,2025-02-12 21:08:05
718,33,32,3,2026-03-20 05:09:45,PAYMENT,APPROVED,USD,292.99,0.73,AUTH0000000718,PAYMENTS_APP,2026-03-20 05:09:45
719,133,21,4,2025-10-17 09:35:00,PAYMENT,DECLINED,USD,2074.14,67.43,,PAYMENTS_APP,2025-10-17 09:35:00
720,39,36,6,2025-06-18 11:29:18,PAYMENT,PENDING,USD,2486.42,67.05,,PAYMENTS_APP,2025-06-18 11:29:18
721,10,31,3,2026-03-27 01:56:15,PAYMENT,APPROVED,USD,372.4,3.28,AUTH0000000721,PAYMENTS_APP,2026-03-27 01:56:15
722,144,32,4,2025-04-29 18:01:08,PAYMENT,APPROVED,USD,1104.36,38.23,AUTH0000000722,PAYMENTS_APP,2025-04-29 18:01:08
723,47,11,6,2025-06-01 04:30:07,PAYMENT,APPROVED,USD,234.85,7.17,AUTH0000000723,PAYMENTS_APP,2025-06-01 04:30:07
724,107,5,2,2025-08-06 21:14:46,PAYMENT,APPROVED,USD,1315.51,26.85,AUTH0000000724,PAYMENTS_APP,2025-08-06 21:14:46
725,101,24,5,2025-12-03 00:56:42,PAYMENT,APPROVED,USD,1703.6,41.13,AUTH0000000725,PAYMENTS_APP,2025-12-03 00:56:42
726,169,31,4,2025-11-28 05:35:55,PAYMENT,APPROVED,USD,203.58,5.95,AUTH0000000726,PAYMENTS_APP,2025-11-28 05:35:55
727,84,47,6,2025-01-06 11:59:38,PAYMENT,APPROVED,USD,1640.78,54.69,AUTH0000000727,PAYMENTS_APP,2025-01-06 11:59:38
728,15,48,1,2025-05-13 07:41:44,PAYMENT,APPROVED,USD,2004.09,21.28,AUTH0000000728,PAYMENTS_APP,2025-05-13 07:41:44
729,103,6,1,2025-04-05 14:31:19,PAYMENT,APPROVED,USD,445.85,15.07,AUTH0000000729,PAYMENTS_APP,2025-04-05 14:31:19
730,31,20,4,2026-02-17 10:22:27,PAYMENT,PENDING,USD,1881.64,43.73,,PAYMENTS_APP,2026-02-17 10:22:27
731,95,33,2,2025-11-14 21:58:23,PAYMENT,APPROVED,USD,898.25,3.83,AUTH0000000731,PAYMENTS_APP,2025-11-14 21:58:23
732,109,24,5,2026-05-03 09:46:30,PAYMENT,DECLINED,USD,1501.25,6.11,,PAYMENTS_APP,2026-05-03 09:46:30
733,88,30,6,2025-07-10 15:48:19,PAYMENT,PENDING,USD,1065.62,2.53,,PAYMENTS_APP,2025-07-10 15:48:19
734,75,30,4,2025-06-08 18:02:02,PAYMENT,DECLINED,USD,1574.27,29.66,,PAYMENTS_APP,2025-06-08 18:02:02
735,77,16,5,2025-03-23 17:23:21,PAYMENT,APPROVED,USD,372.37,1.99,AUTH0000000735,PAYMENTS_APP,2025-03-23 17:23:21
736,106,7,4,2026-07-19 02:47:11,PAYMENT,APPROVED,USD,1284.02,23.58,AUTH0000000736,PAYMENTS_APP,2026-07-19 02:47:11
737,5,8,6,2025-09-17 12:56:30,PAYMENT,APPROVED,USD,1464.33,39.73,AUTH0000000737,PAYMENTS_APP,2025-09-17 12:56:30
738,77,21,5,2025-07-06 14:18:25,PAYMENT,APPROVED,USD,209.14,6.44,AUTH0000000738,PAYMENTS_APP,2025-07-06 14:18:25
739,48,14,2,2026-04-06 22:42:44,PAYMENT,APPROVED,USD,853.99,27.51,AUTH0000000739,PAYMENTS_APP,2026-04-06 22:42:44
740,30,1,2,2025-09-23 03:52:16,PAYMENT,APPROVED,USD,1336.41,1.6,AUTH0000000740,PAYMENTS_APP,2025-09-23 03:52:16
741,159,40,3,2026-02-19 23:56:48,PAYMENT,PENDING,USD,1505.12,26.41,,PAYMENTS_APP,2026-02-19 23:56:48
742,29,2,6,2026-02-09 11:01:09,PAYMENT,APPROVED,USD,313.6,0.46,AUTH0000000742,PAYMENTS_APP,2026-02-09 11:01:09
743,161,35,2,2025-08-03 17:31:00,PAYMENT,PENDING,USD,363.74,3.35,,PAYMENTS_APP,2025-08-03 17:31:00
744,40,48,6,2026-04-20 05:23:40,PAYMENT,APPROVED,USD,1055.28,5.23,AUTH0000000744,PAYMENTS_APP,2026-04-20 05:23:40
745,101,4,3,2025-01-21 16:21:58,PAYMENT,DECLINED,USD,607.33,6.7,,PAYMENTS_APP,2025-01-21 16:21:58
746,107,32,6,2025-01-09 03:44:16,PAYMENT,PENDING,USD,2119.23,33.23,,PAYMENTS_APP,2025-01-09 03:44:16
747,152,47,5,2026-07-22 10:35:12,PAYMENT,APPROVED,USD,1219.25,21.37,AUTH0000000747,PAYMENTS_APP,2026-07-22 10:35:12
748,148,21,5,2026-05-15 08:26:36,PAYMENT,PENDING,USD,152.7,0.25,,PAYMENTS_APP,2026-05-15 08:26:36
749,89,29,6,2026-03-04 17:14:01,PAYMENT,APPROVED,USD,1237.48,40.74,AUTH0000000749,PAYMENTS_APP,2026-03-04 17:14:01
750,151,44,3,2025-07-16 17:05:04,PAYMENT,APPROVED,USD,1095.84,20.01,AUTH0000000750,PAYMENTS_APP,2025-07-16 17:05:04
751,107,44,6,2026-04-25 04:46:31,PAYMENT,APPROVED,USD,1807.76,25.8,AUTH0000000751,PAYMENTS_APP,2026-04-25 04:46:31
752,171,31,2,2025-06-15 22:38:26,PAYMENT,APPROVED,USD,706.86,18.71,AUTH0000000752,PAYMENTS_APP,2025-06-15 22:38:26
753,61,14,5,2026-05-19 03:40:25,PAYMENT,APPROVED,USD,2357.69,41.94,AUTH0000000753,PAYMENTS_APP,2026-05-19 03:40:25
754,129,3,1,2025-09-25 12:59:58,PAYMENT,PENDING,USD,397.36,11.58,,PAYMENTS_APP,2025-09-25 12:59:58
755,67,22,3,2025-04-27 22:29:05,PAYMENT,APPROVED,USD,302.6,2.61,AUTH0000000755,PAYMENTS_APP,2025-04-27 22:29:05
756,155,43,1,2026-07-25 09:44:20,PAYMENT,APPROVED,USD,2133.67,65.52,AUTH0000000756,PAYMENTS_APP,2026-07-25 09:44:20
757,157,7,5,2026-03-25 16:38:37,PAYMENT,APPROVED,USD,2436.67,67.19,AUTH0000000757,PAYMENTS_APP,2026-03-25 16:38:37
758,114,49,5,2025-05-01 07:28:40,PAYMENT,APPROVED,USD,393.42,4.3,AUTH0000000758,PAYMENTS_APP,2025-05-01 07:28:40
759,52,29,4,2025-06-07 23:33:35,PAYMENT,APPROVED,USD,837.18,4.76,AUTH0000000759,PAYMENTS_APP,2025-06-07 23:33:35
760,194,27,3,2025-10-21 18:23:14,PAYMENT,APPROVED,USD,214.0,2.92,AUTH0000000760,PAYMENTS_APP,2025-10-21 18:23:14
761,105,30,5,2026-06-27 15:21:15,PAYMENT,APPROVED,USD,345.85,5.39,AUTH0000000761,PAYMENTS_APP,2026-06-27 15:21:15
762,133,5,1,2025-01-31 16:06:49,PAYMENT,APPROVED,USD,1925.61,48.91,AUTH0000000762,PAYMENTS_APP,2025-01-31 16:06:49
763,165,10,5,2025-06-18 15:48:14,PAYMENT,APPROVED,USD,983.77,2.22,AUTH0000000763,PAYMENTS_APP,2025-06-18 15:48:14
764,142,20,6,2026-06-17 10:46:01,PAYMENT,APPROVED,USD,1005.61,24.29,AUTH0000000764,PAYMENTS_APP,2026-06-17 10:46:01
765,104,29,6,2025-01-09 10:11:11,PAYMENT,DECLINED,USD,1526.39,9.15,,PAYMENTS_APP,2025-01-09 10:11:11
766,179,23,6,2025-07-30 19:49:18,PAYMENT,DECLINED,USD,1971.07,45.67,,PAYMENTS_APP,2025-07-30 19:49:18
767,100,47,6,2026-02-19 07:10:59,PAYMENT,APPROVED,USD,211.62,4.08,AUTH0000000767,PAYMENTS_APP,2026-02-19 07:10:59
768,134,22,6,2026-07-08 10:20:14,PAYMENT,APPROVED,USD,232.96,4.6,AUTH0000000768,PAYMENTS_APP,2026-07-08 10:20:14
769,186,28,5,2026-07-07 21:34:20,PAYMENT,APPROVED,USD,604.11,16.51,AUTH0000000769,PAYMENTS_APP,2026-07-07 21:34:20
770,194,42,1,2026-01-17 09:27:26,PAYMENT,PENDING,USD,1269.24,6.61,,PAYMENTS_APP,2026-01-17 09:27:26
771,149,37,6,2025-01-06 16:29:54,PAYMENT,APPROVED,USD,2457.39,69.75,AUTH0000000771,PAYMENTS_APP,2025-01-06 16:29:54
772,184,37,6,2026-07-01 21:40:59,PAYMENT,APPROVED,USD,876.49,9.36,AUTH0000000772,PAYMENTS_APP,2026-07-01 21:40:59
773,200,24,4,2025-09-11 03:49:52,PAYMENT,APPROVED,USD,1291.61,9.75,AUTH0000000773,PAYMENTS_APP,2025-09-11 03:49:52
774,122,14,4,2026-02-26 02:59:00,PAYMENT,APPROVED,USD,156.42,4.88,AUTH0000000774,PAYMENTS_APP,2026-02-26 02:59:00
775,68,38,4,2026-02-17 21:25:01,PAYMENT,DECLINED,USD,1297.84,18.72,,PAYMENTS_APP,2026-02-17 21:25:01
776,107,11,2,2026-03-10 16:01:22,PAYMENT,PENDING,USD,2327.66,41.07,,PAYMENTS_APP,2026-03-10 16:01:22
777,136,8,6,2026-05-12 16:39:53,PAYMENT,APPROVED,USD,2420.11,44.65,AUTH0000000777,PAYMENTS_APP,2026-05-12 16:39:53
778,105,8,1,2025-06-10 20:21:12,PAYMENT,APPROVED,USD,2304.32,11.61,AUTH0000000778,PAYMENTS_APP,2025-06-10 20:21:12
779,78,19,4,2026-06-20 05:34:53,PAYMENT,APPROVED,USD,929.3,32.24,AUTH0000000779,PAYMENTS_APP,2026-06-20 05:34:53
780,1,8,5,2025-11-09 10:19:16,PAYMENT,APPROVED,USD,458.51,11.99,AUTH0000000780,PAYMENTS_APP,2025-11-09 10:19:16
781,87,25,4,2026-03-04 17:31:08,PAYMENT,DECLINED,USD,774.94,12.69,,PAYMENTS_APP,2026-03-04 17:31:08
782,171,29,2,2025-05-16 05:02:36,PAYMENT,DECLINED,USD,1591.51,42.81,,PAYMENTS_APP,2025-05-16 05:02:36
783,60,26,3,2025-11-30 03:15:06,PAYMENT,DECLINED,USD,1661.59,24.8,,PAYMENTS_APP,2025-11-30 03:15:06
784,166,6,2,2026-07-08 01:40:05,PAYMENT,PENDING,USD,2225.22,57.9,,PAYMENTS_APP,2026-07-08 01:40:05
785,50,40,5,2025-11-13 20:25:37,PAYMENT,PENDING,USD,310.33,6.21,,PAYMENTS_APP,2025-11-13 20:25:37
786,5,8,6,2025-02-24 20:45:43,PAYMENT,DECLINED,USD,474.3,8.15,,PAYMENTS_APP,2025-02-24 20:45:43
787,181,38,4,2026-06-29 06:32:39,PAYMENT,APPROVED,USD,688.13,5.5,AUTH0000000787,PAYMENTS_APP,2026-06-29 06:32:39
788,6,22,4,2025-11-25 14:37:44,PAYMENT,DECLINED,USD,113.41,3.44,,PAYMENTS_APP,2025-11-25 14:37:44
789,66,6,1,2025-07-04 15:06:26,PAYMENT,APPROVED,USD,2149.26,25.34,AUTH0000000789,PAYMENTS_APP,2025-07-04 15:06:26
790,79,27,6,2025-10-20 05:14:38,PAYMENT,APPROVED,USD,639.63,2.59,AUTH0000000790,PAYMENTS_APP,2025-10-20 05:14:38
791,26,21,2,2025-11-30 06:36:24,PAYMENT,APPROVED,USD,1783.54,19.86,AUTH0000000791,PAYMENTS_APP,2025-11-30 06:36:24
792,151,16,4,2026-01-20 04:24:15,PAYMENT,APPROVED,USD,507.2,13.48,AUTH0000000792,PAYMENTS_APP,2026-01-20 04:24:15
793,17,31,1,2025-04-28 09:48:16,PAYMENT,APPROVED,USD,796.52,15.78,AUTH0000000793,PAYMENTS_APP,2025-04-28 09:48:16
794,64,49,5,2025-01-20 09:47:59,PAYMENT,DECLINED,USD,2408.72,57.7,,PAYMENTS_APP,2025-01-20 09:47:59
795,163,33,2,2025-05-09 11:05:26,PAYMENT,DECLINED,USD,1017.46,3.92,,PAYMENTS_APP,2025-05-09 11:05:26
796,138,28,5,2025-05-26 13:35:29,PAYMENT,DECLINED,USD,2463.29,67.96,,PAYMENTS_APP,2025-05-26 13:35:29
797,159,19,6,2026-04-08 01:31:17,PAYMENT,APPROVED,USD,2031.8,68.43,AUTH0000000797,PAYMENTS_APP,2026-04-08 01:31:17
798,131,19,1,2025-09-14 13:50:27,PAYMENT,APPROVED,USD,2106.25,17.34,AUTH0000000798,PAYMENTS_APP,2025-09-14 13:50:27
799,36,47,5,2025-03-13 10:56:45,PAYMENT,APPROVED,USD,988.87,5.12,AUTH0000000799,PAYMENTS_APP,2025-03-13 10:56:45
800,175,22,6,2025-08-04 22:13:32,PAYMENT,DECLINED,USD,2393.59,28.3,,PAYMENTS_APP,2025-08-04 22:13:32
801,88,14,4,2025-09-25 16:28:58,PAYMENT,APPROVED,USD,615.57,21.19,AUTH0000000801,PAYMENTS_APP,2025-09-25 16:28:58
802,3,44,2,2025-05-17 23:32:10,PAYMENT,APPROVED,USD,1522.36,1.74,AUTH0000000802,PAYMENTS_APP,2025-05-17 23:32:10
803,167,5,5,2026-05-16 14:18:03,PAYMENT,DECLINED,USD,203.79,6.28,,PAYMENTS_APP,2026-05-16 14:18:03
804,97,39,3,2025-02-01 16:12:30,PAYMENT,PENDING,USD,309.42,10.54,,PAYMENTS_APP,2025-02-01 16:12:30
805,3,15,6,2025-01-09 04:32:33,PAYMENT,APPROVED,USD,926.83,7.01,AUTH0000000805,PAYMENTS_APP,2025-01-09 04:32:33
806,60,32,3,2025-04-03 22:20:05,PAYMENT,PENDING,USD,758.64,19.27,,PAYMENTS_APP,2025-04-03 22:20:05
807,164,26,1,2026-05-20 22:03:53,PAYMENT,APPROVED,USD,18.83,0.65,AUTH0000000807,PAYMENTS_APP,2026-05-20 22:03:53
808,173,44,5,2026-05-21 06:12:24,PAYMENT,DECLINED,USD,485.23,12.67,,PAYMENTS_APP,2026-05-21 06:12:24
809,67,37,2,2025-06-29 02:22:46,PAYMENT,DECLINED,USD,321.49,1.03,,PAYMENTS_APP,2025-06-29 02:22:46
810,178,44,5,2026-06-20 09:59:16,PAYMENT,APPROVED,USD,2119.32,3.79,AUTH0000000810,PAYMENTS_APP,2026-06-20 09:59:16
811,14,21,4,2026-04-10 00:04:16,PAYMENT,APPROVED,USD,1602.77,52.99,AUTH0000000811,PAYMENTS_APP,2026-04-10 00:04:16
812,12,47,2,2025-05-05 18:52:13,PAYMENT,APPROVED,USD,1239.44,23.04,AUTH0000000812,PAYMENTS_APP,2025-05-05 18:52:13
813,21,37,1,2026-06-30 16:20:33,PAYMENT,APPROVED,USD,13.89,0.11,AUTH0000000813,PAYMENTS_APP,2026-06-30 16:20:33
814,17,41,6,2026-03-10 02:42:37,PAYMENT,APPROVED,USD,493.0,6.01,AUTH0000000814,PAYMENTS_APP,2026-03-10 02:42:37
815,64,7,4,2025-01-25 21:34:24,PAYMENT,PENDING,USD,2337.72,69.14,,PAYMENTS_APP,2025-01-25 21:34:24
816,19,50,5,2025-12-15 01:58:54,PAYMENT,APPROVED,USD,1299.67,11.76,AUTH0000000816,PAYMENTS_APP,2025-12-15 01:58:54
817,9,25,3,2026-04-03 21:04:42,PAYMENT,APPROVED,USD,214.75,0.66,AUTH0000000817,PAYMENTS_APP,2026-04-03 21:04:42
818,111,5,1,2025-05-11 02:15:26,PAYMENT,APPROVED,USD,137.92,3.0,AUTH0000000818,PAYMENTS_APP,2025-05-11 02:15:26
819,60,39,6,2025-10-29 13:53:18,PAYMENT,APPROVED,USD,240.48,6.39,AUTH0000000819,PAYMENTS_APP,2025-10-29 13:53:18
820,173,2,4,2026-04-21 15:35:12,PAYMENT,DECLINED,USD,1548.46,19.43,,PAYMENTS_APP,2026-04-21 15:35:12
821,153,46,1,2026-06-14 11:56:57,PAYMENT,DECLINED,USD,482.01,2.16,,PAYMENTS_APP,2026-06-14 11:56:57
822,108,31,6,2025-07-18 20:52:12,PAYMENT,APPROVED,USD,1593.77,15.48,AUTH0000000822,PAYMENTS_APP,2025-07-18 20:52:12
823,132,42,3,2025-05-21 01:36:16,PAYMENT,APPROVED,USD,320.07,6.68,AUTH0000000823,PAYMENTS_APP,2025-05-21 01:36:16
824,95,1,5,2025-05-30 05:22:01,PAYMENT,APPROVED,USD,772.38,9.78,AUTH0000000824,PAYMENTS_APP,2025-05-30 05:22:01
825,14,28,3,2025-02-28 08:38:34,PAYMENT,DECLINED,USD,2048.14,41.01,,PAYMENTS_APP,2025-02-28 08:38:34
826,88,13,6,2025-07-20 07:17:43,PAYMENT,PENDING,USD,2271.34,62.91,,PAYMENTS_APP,2025-07-20 07:17:43
827,86,40,3,2026-04-24 21:50:12,PAYMENT,PENDING,USD,828.53,17.12,,PAYMENTS_APP,2026-04-24 21:50:12
828,127,15,1,2025-06-16 03:49:02,PAYMENT,APPROVED,USD,2190.39,70.0,AUTH0000000828,PAYMENTS_APP,2025-06-16 03:49:02
829,85,48,4,2026-04-23 22:42:58,PAYMENT,APPROVED,USD,598.31,15.54,AUTH0000000829,PAYMENTS_APP,2026-04-23 22:42:58
830,30,10,3,2025-01-07 13:12:35,PAYMENT,APPROVED,USD,185.25,0.37,AUTH0000000830,PAYMENTS_APP,2025-01-07 13:12:35
831,57,17,6,2026-01-04 01:35:54,PAYMENT,APPROVED,USD,498.61,5.31,AUTH0000000831,PAYMENTS_APP,2026-01-04 01:35:54
832,26,2,6,2025-09-09 06:30:01,PAYMENT,APPROVED,USD,54.71,1.62,AUTH0000000832,PAYMENTS_APP,2025-09-09 06:30:01
833,96,43,2,2025-04-24 12:19:12,PAYMENT,APPROVED,USD,763.38,7.0,AUTH0000000833,PAYMENTS_APP,2025-04-24 12:19:12
834,49,13,5,2026-03-21 02:22:49,PAYMENT,APPROVED,USD,361.94,11.73,AUTH0000000834,PAYMENTS_APP,2026-03-21 02:22:49
835,151,13,5,2026-03-16 23:09:40,PAYMENT,APPROVED,USD,2302.61,62.04,AUTH0000000835,PAYMENTS_APP,2026-03-16 23:09:40
836,131,38,4,2025-09-11 01:56:20,PAYMENT,PENDING,USD,1989.23,61.02,,PAYMENTS_APP,2025-09-11 01:56:20
837,100,49,6,2025-03-25 17:08:11,PAYMENT,PENDING,USD,1537.6,10.29,,PAYMENTS_APP,2025-03-25 17:08:11
838,96,34,6,2026-01-19 18:09:10,PAYMENT,DECLINED,USD,1161.2,13.87,,PAYMENTS_APP,2026-01-19 18:09:10
839,150,42,1,2026-05-10 18:00:53,PAYMENT,APPROVED,USD,671.57,9.83,AUTH0000000839,PAYMENTS_APP,2026-05-10 18:00:53
840,97,37,2,2026-04-08 08:32:01,PAYMENT,APPROVED,USD,547.27,8.46,AUTH0000000840,PAYMENTS_APP,2026-04-08 08:32:01
841,133,23,2,2026-07-18 03:05:09,PAYMENT,APPROVED,USD,1879.31,20.73,AUTH0000000841,PAYMENTS_APP,2026-07-18 03:05:09
842,128,21,3,2025-12-11 15:30:50,PAYMENT,APPROVED,USD,1169.41,17.43,AUTH0000000842,PAYMENTS_APP,2025-12-11 15:30:50
843,76,33,5,2025-08-28 09:40:15,PAYMENT,PENDING,USD,190.65,6.03,,PAYMENTS_APP,2025-08-28 09:40:15
844,10,35,2,2025-03-22 10:03:51,PAYMENT,APPROVED,USD,246.92,0.85,AUTH0000000844,PAYMENTS_APP,2025-03-22 10:03:51
845,71,13,6,2025-09-14 11:01:17,PAYMENT,PENDING,USD,2039.1,49.43,,PAYMENTS_APP,2025-09-14 11:01:17
846,89,26,4,2025-05-22 19:46:28,PAYMENT,APPROVED,USD,22.33,0.25,AUTH0000000846,PAYMENTS_APP,2025-05-22 19:46:28
847,39,26,2,2025-01-13 17:11:06,PAYMENT,PENDING,USD,1282.1,34.46,,PAYMENTS_APP,2025-01-13 17:11:06
848,194,30,6,2025-08-03 17:16:25,PAYMENT,APPROVED,USD,1290.05,35.76,AUTH0000000848,PAYMENTS_APP,2025-08-03 17:16:25
849,107,14,4,2025-03-29 11:23:55,PAYMENT,APPROVED,USD,1072.55,35.42,AUTH0000000849,PAYMENTS_APP,2025-03-29 11:23:55
850,189,1,4,2026-01-19 05:03:32,PAYMENT,DECLINED,USD,2184.5,24.88,,PAYMENTS_APP,2026-01-19 05:03:32
851,104,49,6,2025-12-30 12:22:21,PAYMENT,APPROVED,USD,1048.45,25.49,AUTH0000000851,PAYMENTS_APP,2025-12-30 12:22:21
852,85,37,6,2025-01-24 20:39:53,PAYMENT,APPROVED,USD,2305.44,14.35,AUTH0000000852,PAYMENTS_APP,2025-01-24 20:39:53
853,99,13,4,2026-02-05 13:53:00,PAYMENT,APPROVED,USD,2371.78,7.51,AUTH0000000853,PAYMENTS_APP,2026-02-05 13:53:00
854,142,12,1,2026-04-08 23:15:55,PAYMENT,APPROVED,USD,234.01,1.06,AUTH0000000854,PAYMENTS_APP,2026-04-08 23:15:55
855,73,14,2,2025-01-28 06:47:50,PAYMENT,APPROVED,USD,174.66,5.89,AUTH0000000855,PAYMENTS_APP,2025-01-28 06:47:50
856,106,26,2,2026-04-11 02:05:30,PAYMENT,APPROVED,USD,1296.81,8.87,AUTH0000000856,PAYMENTS_APP,2026-04-11 02:05:30
857,53,9,2,2026-03-05 17:24:45,PAYMENT,PENDING,USD,172.84,5.79,,PAYMENTS_APP,2026-03-05 17:24:45
858,52,33,6,2026-05-02 05:46:51,PAYMENT,DECLINED,USD,1438.15,16.61,,PAYMENTS_APP,2026-05-02 05:46:51
859,17,26,5,2026-04-15 10:01:42,PAYMENT,APPROVED,USD,19.6,0.11,AUTH0000000859,PAYMENTS_APP,2026-04-15 10:01:42
860,74,42,4,2026-05-18 16:45:19,PAYMENT,APPROVED,USD,1440.76,37.56,AUTH0000000860,PAYMENTS_APP,2026-05-18 16:45:19
861,107,16,2,2025-11-01 14:14:20,PAYMENT,DECLINED,USD,2058.75,61.55,,PAYMENTS_APP,2025-11-01 14:14:20
862,146,7,4,2026-03-19 16:40:08,PAYMENT,APPROVED,USD,2277.17,16.48,AUTH0000000862,PAYMENTS_APP,2026-03-19 16:40:08
863,18,45,6,2025-06-11 09:58:04,PAYMENT,PENDING,USD,1344.81,31.83,,PAYMENTS_APP,2025-06-11 09:58:04
864,95,5,1,2025-08-11 17:58:02,PAYMENT,APPROVED,USD,2480.98,49.11,AUTH0000000864,PAYMENTS_APP,2025-08-11 17:58:02
865,119,2,1,2026-02-24 16:25:05,PAYMENT,APPROVED,USD,632.66,11.52,AUTH0000000865,PAYMENTS_APP,2026-02-24 16:25:05
866,102,3,1,2026-04-18 13:52:38,PAYMENT,APPROVED,USD,1865.15,56.13,AUTH0000000866,PAYMENTS_APP,2026-04-18 13:52:38
867,18,6,5,2025-05-20 11:54:35,PAYMENT,PENDING,USD,1871.94,32.72,,PAYMENTS_APP,2025-05-20 11:54:35
868,44,2,5,2026-03-25 05:06:23,PAYMENT,APPROVED,USD,2051.25,60.74,AUTH0000000868,PAYMENTS_APP,2026-03-25 05:06:23
869,174,18,2,2026-07-02 14:13:49,PAYMENT,APPROVED,USD,194.89,5.25,AUTH0000000869,PAYMENTS_APP,2026-07-02 14:13:49
870,163,34,6,2025-02-05 19:22:49,PAYMENT,APPROVED,USD,1105.7,2.9,AUTH0000000870,PAYMENTS_APP,2025-02-05 19:22:49
871,2,4,4,2025-04-16 14:13:19,PAYMENT,PENDING,USD,771.5,2.15,,PAYMENTS_APP,2025-04-16 14:13:19
872,8,1,3,2025-09-13 13:38:25,PAYMENT,APPROVED,USD,500.76,0.77,AUTH0000000872,PAYMENTS_APP,2025-09-13 13:38:25
873,43,47,2,2025-03-06 08:01:50,PAYMENT,APPROVED,USD,1992.51,58.25,AUTH0000000873,PAYMENTS_APP,2025-03-06 08:01:50
874,139,26,4,2025-12-01 11:44:54,PAYMENT,DECLINED,USD,1567.34,34.86,,PAYMENTS_APP,2025-12-01 11:44:54
875,4,26,6,2025-05-04 08:27:42,PAYMENT,APPROVED,USD,265.61,3.19,AUTH0000000875,PAYMENTS_APP,2025-05-04 08:27:42
876,160,24,1,2026-04-15 08:00:48,PAYMENT,APPROVED,USD,1645.25,17.22,AUTH0000000876,PAYMENTS_APP,2026-04-15 08:00:48
877,138,37,2,2025-11-05 21:48:14,PAYMENT,APPROVED,USD,2457.77,10.97,AUTH0000000877,PAYMENTS_APP,2025-11-05 21:48:14
878,198,45,2,2025-11-29 22:58:09,PAYMENT,PENDING,USD,972.03,31.53,,PAYMENTS_APP,2025-11-29 22:58:09
879,150,29,4,2025-11-22 17:33:13,PAYMENT,APPROVED,USD,838.43,18.19,AUTH0000000879,PAYMENTS_APP,2025-11-22 17:33:13
880,158,49,1,2026-05-31 21:23:20,PAYMENT,PENDING,USD,2470.96,22.01,,PAYMENTS_APP,2026-05-31 21:23:20
881,128,19,2,2026-03-15 08:52:02,PAYMENT,DECLINED,USD,199.39,1.13,,PAYMENTS_APP,2026-03-15 08:52:02
882,186,39,4,2025-06-05 13:40:50,PAYMENT,APPROVED,USD,1605.46,14.6,AUTH0000000882,PAYMENTS_APP,2025-06-05 13:40:50
883,107,42,3,2025-10-12 11:33:40,PAYMENT,PENDING,USD,1967.64,4.62,,PAYMENTS_APP,2025-10-12 11:33:40
884,171,16,6,2025-08-23 12:03:40,PAYMENT,APPROVED,USD,606.38,11.73,AUTH0000000884,PAYMENTS_APP,2025-08-23 12:03:40
885,17,32,1,2026-01-26 18:59:10,PAYMENT,APPROVED,USD,459.68,10.3,AUTH0000000885,PAYMENTS_APP,2026-01-26 18:59:10
886,53,16,5,2025-05-25 07:26:07,PAYMENT,APPROVED,USD,230.31,4.87,AUTH0000000886,PAYMENTS_APP,2025-05-25 07:26:07
887,156,16,3,2025-11-15 05:58:36,PAYMENT,PENDING,USD,494.64,7.63,,PAYMENTS_APP,2025-11-15 05:58:36
888,21,24,4,2026-04-05 23:08:29,PAYMENT,APPROVED,USD,680.38,18.75,AUTH0000000888,PAYMENTS_APP,2026-04-05 23:08:29
889,124,2,4,2026-03-09 18:23:49,PAYMENT,DECLINED,USD,1837.59,49.34,,PAYMENTS_APP,2026-03-09 18:23:49
890,187,12,3,2026-03-14 03:01:49,PAYMENT,APPROVED,USD,1488.36,9.22,AUTH0000000890,PAYMENTS_APP,2026-03-14 03:01:49
891,35,46,4,2025-10-18 13:39:31,PAYMENT,DECLINED,USD,1515.46,5.22,,PAYMENTS_APP,2025-10-18 13:39:31
892,187,47,3,2025-07-20 05:38:00,PAYMENT,APPROVED,USD,11.45,0.35,AUTH0000000892,PAYMENTS_APP,2025-07-20 05:38:00
893,151,5,4,2026-02-09 13:35:08,PAYMENT,APPROVED,USD,1224.39,27.91,AUTH0000000893,PAYMENTS_APP,2026-02-09 13:35:08
894,66,50,6,2025-05-08 14:00:39,PAYMENT,DECLINED,USD,406.74,10.96,,PAYMENTS_APP,2025-05-08 14:00:39
895,179,4,6,2025-12-23 18:33:15,PAYMENT,PENDING,USD,1222.07,29.83,,PAYMENTS_APP,2025-12-23 18:33:15
896,93,41,6,2026-03-11 08:59:07,PAYMENT,APPROVED,USD,1194.84,38.63,AUTH0000000896,PAYMENTS_APP,2026-03-11 08:59:07
897,66,16,5,2025-06-01 09:30:53,PAYMENT,DECLINED,USD,1139.22,27.52,,PAYMENTS_APP,2025-06-01 09:30:53
898,99,26,6,2025-06-15 00:26:57,PAYMENT,APPROVED,USD,1927.66,44.16,AUTH0000000898,PAYMENTS_APP,2025-06-15 00:26:57
899,178,20,5,2026-06-15 06:52:29,PAYMENT,APPROVED,USD,415.39,6.44,AUTH0000000899,PAYMENTS_APP,2026-06-15 06:52:29
900,187,6,1,2026-01-27 21:20:18,PAYMENT,APPROVED,USD,1835.1,48.78,AUTH0000000900,PAYMENTS_APP,2026-01-27 21:20:18
901,102,45,3,2025-12-19 05:11:45,PAYMENT,APPROVED,USD,1872.08,61.07,AUTH0000000901,PAYMENTS_APP,2025-12-19 05:11:45
902,44,12,3,2026-03-04 19:06:47,PAYMENT,APPROVED,USD,1636.65,42.43,AUTH0000000902,PAYMENTS_APP,2026-03-04 19:06:47
903,55,12,2,2026-05-14 06:37:33,PAYMENT,DECLINED,USD,2371.26,38.7,,PAYMENTS_APP,2026-05-14 06:37:33
904,105,29,6,2025-03-02 06:39:10,PAYMENT,APPROVED,USD,649.12,20.56,AUTH0000000904,PAYMENTS_APP,2025-03-02 06:39:10
905,17,22,1,2025-06-20 02:54:20,PAYMENT,APPROVED,USD,215.18,1.13,AUTH0000000905,PAYMENTS_APP,2025-06-20 02:54:20
906,171,38,1,2025-04-14 00:20:46,PAYMENT,APPROVED,USD,665.94,22.29,AUTH0000000906,PAYMENTS_APP,2025-04-14 00:20:46
907,69,32,4,2025-01-08 13:40:39,PAYMENT,DECLINED,USD,1300.67,43.85,,PAYMENTS_APP,2025-01-08 13:40:39
908,88,21,2,2025-12-12 22:00:16,PAYMENT,APPROVED,USD,842.04,20.36,AUTH0000000908,PAYMENTS_APP,2025-12-12 22:00:16
909,26,1,4,2026-01-23 22:14:19,PAYMENT,APPROVED,USD,2438.29,74.82,AUTH0000000909,PAYMENTS_APP,2026-01-23 22:14:19
910,180,49,2,2025-05-23 00:56:05,PAYMENT,DECLINED,USD,308.11,5.87,,PAYMENTS_APP,2025-05-23 00:56:05
911,132,27,6,2026-01-13 16:27:13,PAYMENT,DECLINED,USD,1715.78,52.46,,PAYMENTS_APP,2026-01-13 16:27:13
912,5,41,3,2025-07-12 00:06:50,PAYMENT,PENDING,USD,2393.91,68.54,,PAYMENTS_APP,2025-07-12 00:06:50
913,157,6,3,2025-11-30 16:10:36,PAYMENT,APPROVED,USD,1517.3,22.16,AUTH0000000913,PAYMENTS_APP,2025-11-30 16:10:36
914,76,39,2,2026-05-03 23:58:09,PAYMENT,PENDING,USD,2263.1,58.76,,PAYMENTS_APP,2026-05-03 23:58:09
915,23,20,6,2026-06-17 20:49:19,PAYMENT,PENDING,USD,1262.09,6.75,,PAYMENTS_APP,2026-06-17 20:49:19
916,139,16,2,2026-04-24 06:07:07,PAYMENT,APPROVED,USD,2387.67,41.53,AUTH0000000916,PAYMENTS_APP,2026-04-24 06:07:07
917,84,25,3,2025-04-02 03:50:24,PAYMENT,APPROVED,USD,2483.41,4.95,AUTH0000000917,PAYMENTS_APP,2025-04-02 03:50:24
918,186,32,1,2026-05-03 04:28:54,PAYMENT,PENDING,USD,340.26,6.52,,PAYMENTS_APP,2026-05-03 04:28:54
919,165,22,4,2025-12-07 08:08:54,PAYMENT,DECLINED,USD,1916.08,41.05,,PAYMENTS_APP,2025-12-07 08:08:54
920,112,15,2,2026-01-26 23:48:30,PAYMENT,PENDING,USD,1962.92,66.45,,PAYMENTS_APP,2026-01-26 23:48:30
921,49,48,1,2025-10-25 03:11:32,PAYMENT,APPROVED,USD,223.76,5.86,AUTH0000000921,PAYMENTS_APP,2025-10-25 03:11:32
922,152,35,2,2025-11-17 13:50:32,PAYMENT,DECLINED,USD,1842.56,21.31,,PAYMENTS_APP,2025-11-17 13:50:32
923,33,34,6,2026-02-02 15:25:35,PAYMENT,APPROVED,USD,1928.43,54.22,AUTH0000000923,PAYMENTS_APP,2026-02-02 15:25:35
924,76,15,4,2026-02-09 00:20:04,PAYMENT,DECLINED,USD,2131.05,25.02,,PAYMENTS_APP,2026-02-09 00:20:04
925,180,3,5,2026-04-12 05:22:03,PAYMENT,DECLINED,USD,709.2,18.72,,PAYMENTS_APP,2026-04-12 05:22:03
926,181,37,4,2025-11-24 11:14:47,PAYMENT,DECLINED,USD,2475.85,12.87,,PAYMENTS_APP,2025-11-24 11:14:47
927,86,10,6,2025-08-09 18:01:23,PAYMENT,APPROVED,USD,1760.65,24.31,AUTH0000000927,PAYMENTS_APP,2025-08-09 18:01:23
928,77,43,2,2025-08-19 01:54:49,PAYMENT,APPROVED,USD,2142.09,55.12,AUTH0000000928,PAYMENTS_APP,2025-08-19 01:54:49
929,101,26,1,2025-12-12 15:22:49,PAYMENT,PENDING,USD,1184.08,15.21,,PAYMENTS_APP,2025-12-12 15:22:49
930,141,26,1,2025-10-17 10:16:50,PAYMENT,PENDING,USD,2307.74,57.32,,PAYMENTS_APP,2025-10-17 10:16:50
931,114,45,4,2025-02-25 11:04:15,PAYMENT,APPROVED,USD,1636.93,33.76,AUTH0000000931,PAYMENTS_APP,2025-02-25 11:04:15
932,148,7,6,2025-08-12 07:07:24,PAYMENT,PENDING,USD,1628.44,21.68,,PAYMENTS_APP,2025-08-12 07:07:24
933,15,7,3,2025-06-01 13:42:35,PAYMENT,APPROVED,USD,1698.93,11.42,AUTH0000000933,PAYMENTS_APP,2025-06-01 13:42:35
934,39,41,6,2025-02-23 04:16:20,PAYMENT,DECLINED,USD,1625.59,34.42,,PAYMENTS_APP,2025-02-23 04:16:20
935,78,45,5,2026-02-18 08:55:12,PAYMENT,APPROVED,USD,297.89,4.32,AUTH0000000935,PAYMENTS_APP,2026-02-18 08:55:12
936,167,25,3,2026-01-20 23:58:33,PAYMENT,APPROVED,USD,1944.55,59.13,AUTH0000000936,PAYMENTS_APP,2026-01-20 23:58:33
937,172,33,2,2025-01-12 04:22:08,PAYMENT,APPROVED,USD,207.51,3.66,AUTH0000000937,PAYMENTS_APP,2025-01-12 04:22:08
938,180,28,3,2025-04-07 21:35:09,PAYMENT,APPROVED,USD,960.52,33.62,AUTH0000000938,PAYMENTS_APP,2025-04-07 21:35:09
939,101,36,5,2025-03-07 19:34:12,PAYMENT,APPROVED,USD,1013.92,25.17,AUTH0000000939,PAYMENTS_APP,2025-03-07 19:34:12
940,167,8,2,2025-03-07 18:53:33,PAYMENT,DECLINED,USD,1347.92,38.87,,PAYMENTS_APP,2025-03-07 18:53:33
941,115,21,1,2025-05-01 06:34:40,PAYMENT,DECLINED,USD,1738.34,2.05,,PAYMENTS_APP,2025-05-01 06:34:40
942,144,17,1,2025-02-10 04:41:24,PAYMENT,DECLINED,USD,516.37,3.35,,PAYMENTS_APP,2025-02-10 04:41:24
943,44,28,6,2025-03-28 04:32:26,PAYMENT,DECLINED,USD,747.15,25.29,,PAYMENTS_APP,2025-03-28 04:32:26
944,76,43,5,2025-01-01 09:02:30,PAYMENT,APPROVED,USD,116.37,3.86,AUTH0000000944,PAYMENTS_APP,2025-01-01 09:02:30
945,177,7,6,2025-11-17 19:01:46,PAYMENT,APPROVED,USD,1515.82,27.83,AUTH0000000945,PAYMENTS_APP,2025-11-17 19:01:46
946,35,39,5,2025-07-12 05:09:28,PAYMENT,APPROVED,USD,2140.36,17.8,AUTH0000000946,PAYMENTS_APP,2025-07-12 05:09:28
947,98,42,2,2025-05-12 22:39:27,PAYMENT,APPROVED,USD,186.82,1.81,AUTH0000000947,PAYMENTS_APP,2025-05-12 22:39:27
948,162,47,3,2025-09-18 15:29:10,PAYMENT,PENDING,USD,358.97,2.85,,PAYMENTS_APP,2025-09-18 15:29:10
949,155,11,4,2025-07-17 13:32:57,PAYMENT,DECLINED,USD,1643.64,47.5,,PAYMENTS_APP,2025-07-17 13:32:57
950,64,5,3,2025-06-07 11:31:05,PAYMENT,APPROVED,USD,947.98,32.02,AUTH0000000950,PAYMENTS_APP,2025-06-07 11:31:05
951,86,50,3,2026-07-16 14:48:37,PAYMENT,APPROVED,USD,824.06,3.32,AUTH0000000951,PAYMENTS_APP,2026-07-16 14:48:37
952,97,7,1,2025-10-08 00:21:32,PAYMENT,APPROVED,USD,943.51,32.02,AUTH0000000952,PAYMENTS_APP,2025-10-08 00:21:32
953,147,19,5,2025-11-10 21:26:18,PAYMENT,APPROVED,USD,239.76,3.08,AUTH0000000953,PAYMENTS_APP,2025-11-10 21:26:18
954,89,48,6,2025-02-19 06:13:00,PAYMENT,APPROVED,USD,2366.33,33.71,AUTH0000000954,PAYMENTS_APP,2025-02-19 06:13:00
955,132,46,2,2026-02-17 17:21:43,PAYMENT,DECLINED,USD,319.8,0.42,,PAYMENTS_APP,2026-02-17 17:21:43
956,186,41,3,2025-05-10 05:11:40,PAYMENT,APPROVED,USD,1419.33,14.32,AUTH0000000956,PAYMENTS_APP,2025-05-10 05:11:40
957,120,33,3,2026-03-05 16:40:03,PAYMENT,APPROVED,USD,1097.96,14.31,AUTH0000000957,PAYMENTS_APP,2026-03-05 16:40:03
958,105,50,3,2025-08-23 11:06:41,PAYMENT,PENDING,USD,2144.95,71.24,,PAYMENTS_APP,2025-08-23 11:06:41
959,148,4,1,2025-03-23 02:47:32,PAYMENT,PENDING,USD,600.85,2.51,,PAYMENTS_APP,2025-03-23 02:47:32
960,131,47,2,2026-07-22 17:56:38,PAYMENT,APPROVED,USD,2405.45,37.08,AUTH0000000960,PAYMENTS_APP,2026-07-22 17:56:38
961,191,1,6,2026-06-30 04:32:23,PAYMENT,APPROVED,USD,35.74,0.27,AUTH0000000961,PAYMENTS_APP,2026-06-30 04:32:23
962,136,44,5,2025-12-20 08:53:31,PAYMENT,PENDING,USD,1653.27,53.39,,PAYMENTS_APP,2025-12-20 08:53:31
963,58,12,1,2026-04-05 06:08:09,PAYMENT,PENDING,USD,2325.53,62.71,,PAYMENTS_APP,2026-04-05 06:08:09
964,98,11,3,2025-05-17 18:42:09,PAYMENT,APPROVED,USD,2381.26,36.61,AUTH0000000964,PAYMENTS_APP,2025-05-17 18:42:09
965,68,14,1,2025-09-13 19:37:43,PAYMENT,APPROVED,USD,725.87,12.65,AUTH0000000965,PAYMENTS_APP,2025-09-13 19:37:43
966,119,40,4,2025-08-11 11:05:53,PAYMENT,PENDING,USD,1289.31,40.45,,PAYMENTS_APP,2025-08-11 11:05:53
967,2,23,6,2025-01-07 22:24:38,PAYMENT,APPROVED,USD,822.05,10.71,AUTH0000000967,PAYMENTS_APP,2025-01-07 22:24:38
968,40,27,1,2025-04-14 15:41:06,PAYMENT,APPROVED,USD,494.66,9.39,AUTH0000000968,PAYMENTS_APP,2025-04-14 15:41:06
969,47,35,3,2025-08-20 17:08:15,PAYMENT,APPROVED,USD,936.4,12.54,AUTH0000000969,PAYMENTS_APP,2025-08-20 17:08:15
970,92,46,2,2026-03-26 05:53:31,PAYMENT,APPROVED,USD,884.99,13.94,AUTH0000000970,PAYMENTS_APP,2026-03-26 05:53:31
971,42,43,2,2025-05-17 14:21:53,PAYMENT,APPROVED,USD,1860.07,58.84,AUTH0000000971,PAYMENTS_APP,2025-05-17 14:21:53
972,175,46,2,2025-09-30 04:19:30,PAYMENT,APPROVED,USD,1223.18,21.83,AUTH0000000972,PAYMENTS_APP,2025-09-30 04:19:30
973,100,9,1,2026-02-14 18:16:19,PAYMENT,PENDING,USD,2308.98,68.49,,PAYMENTS_APP,2026-02-14 18:16:19
974,176,16,1,2025-01-22 04:35:31,PAYMENT,APPROVED,USD,860.96,1.26,AUTH0000000974,PAYMENTS_APP,2025-01-22 04:35:31
975,195,28,2,2025-01-09 15:48:48,PAYMENT,APPROVED,USD,724.38,12.69,AUTH0000000975,PAYMENTS_APP,2025-01-09 15:48:48
976,180,16,6,2025-07-11 09:04:58,PAYMENT,APPROVED,USD,1917.05,58.24,AUTH0000000976,PAYMENTS_APP,2025-07-11 09:04:58
977,152,41,6,2025-04-16 18:17:21,PAYMENT,DECLINED,USD,453.79,15.77,,PAYMENTS_APP,2025-04-16 18:17:21
978,50,10,4,2025-06-02 08:21:05,PAYMENT,APPROVED,USD,331.61,0.76,AUTH0000000978,PAYMENTS_APP,2025-06-02 08:21:05
979,87,28,4,2026-06-22 11:09:26,PAYMENT,PENDING,USD,1583.64,14.04,,PAYMENTS_APP,2026-06-22 11:09:26
980,72,23,6,2026-03-14 23:26:33,PAYMENT,APPROVED,USD,761.42,7.73,AUTH0000000980,PAYMENTS_APP,2026-03-14 23:26:33
981,83,14,3,2025-02-18 06:37:02,PAYMENT,APPROVED,USD,2.34,0.05,AUTH0000000981,PAYMENTS_APP,2025-02-18 06:37:02
982,86,20,1,2025-04-14 15:41:19,PAYMENT,APPROVED,USD,631.41,11.18,AUTH0000000982,PAYMENTS_APP,2025-04-14 15:41:19
983,191,50,5,2026-07-20 04:44:39,PAYMENT,APPROVED,USD,902.06,25.75,AUTH0000000983,PAYMENTS_APP,2026-07-20 04:44:39
984,34,41,6,2025-10-10 07:38:49,PAYMENT,DECLINED,USD,960.74,29.94,,PAYMENTS_APP,2025-10-10 07:38:49
985,49,13,6,2025-05-04 01:29:39,PAYMENT,DECLINED,USD,2420.86,75.19,,PAYMENTS_APP,2025-05-04 01:29:39
986,78,47,4,2026-04-02 03:35:28,PAYMENT,APPROVED,USD,2354.6,51.91,AUTH0000000986,PAYMENTS_APP,2026-04-02 03:35:28
987,65,49,5,2025-06-07 01:35:42,PAYMENT,APPROVED,USD,480.08,9.47,AUTH0000000987,PAYMENTS_APP,2025-06-07 01:35:42
988,124,27,5,2026-04-05 22:55:57,PAYMENT,PENDING,USD,294.45,4.66,,PAYMENTS_APP,2026-04-05 22:55:57
989,34,19,1,2026-05-31 00:47:47,PAYMENT,APPROVED,USD,1498.29,36.99,AUTH0000000989,PAYMENTS_APP,2026-05-31 00:47:47
990,20,11,4,2025-07-14 14:28:20,PAYMENT,APPROVED,USD,1712.05,52.37,AUTH0000000990,PAYMENTS_APP,2025-07-14 14:28:20
991,41,37,2,2026-02-04 14:35:40,PAYMENT,DECLINED,USD,679.46,4.93,,PAYMENTS_APP,2026-02-04 14:35:40
992,67,20,2,2025-01-10 18:40:13,PAYMENT,APPROVED,USD,1260.04,32.13,AUTH0000000992,PAYMENTS_APP,2025-01-10 18:40:13
993,11,41,2,2025-05-02 06:13:47,PAYMENT,APPROVED,USD,114.99,1.05,AUTH0000000993,PAYMENTS_APP,2025-05-02 06:13:47
994,54,35,1,2025-05-17 09:50:46,PAYMENT,APPROVED,USD,1606.39,15.21,AUTH0000000994,PAYMENTS_APP,2025-05-17 09:50:46
995,35,27,5,2025-11-29 03:01:51,PAYMENT,PENDING,USD,2210.08,22.05,,PAYMENTS_APP,2025-11-29 03:01:51
996,72,12,3,2025-02-28 22:47:25,PAYMENT,APPROVED,USD,2060.01,17.42,AUTH0000000996,PAYMENTS_APP,2025-02-28 22:47:25
997,155,36,2,2025-04-19 13:54:27,PAYMENT,PENDING,USD,644.11,14.36,,PAYMENTS_APP,2025-04-19 13:54:27
998,193,26,2,2025-08-14 11:48:21,PAYMENT,APPROVED,USD,510.59,11.44,AUTH0000000998,PAYMENTS_APP,2025-08-14 11:48:21
999,47,999999,2,2026-03-21 13:25:18,PAYMENT,APPROVED,USD,2255.52,9.44,AUTH0000000999,PAYMENTS_APP,2026-03-21 13:25:18
1000,46,26,6,2026-05-18 06:34:06,PAYMENT,PENDING,USD,-25.0,8.15,,PAYMENTS_APP,2026-05-18 06:34:06
